ride_id,fare_amount,pickup_datetime,pickup_longitude,pickup_latitude,dropoff_longitude,dropoff_latitude,passenger_count
20090615_172621,4.5,2009-06-15T17:26:21Z,-73.844311,40.721319,-73.84161,40.71227800000001,1
20100105_165216,16.9,2010-01-05T16:52:16Z,-74.016048,40.711303,-73.979268,40.782004,1
20110818_003500,5.7,2011-08-18T00:35:00Z,-73.982738,40.76127,-73.991242,40.750562,2
20120421_043042,7.7,2012-04-21T04:30:42Z,-73.98713000000002,40.733143,-73.991567,40.758092,1
20100309_075100,5.3,2010-03-09T07:51:00Z,-73.96809499999998,40.768008,-73.956655,40.783762,1
20110106_095045,12.1,2011-01-06T09:50:45Z,-74.000964,40.73163,-73.972892,40.758233,1
20121120_203500,7.5,2012-11-20T20:35:00Z,-73.980002,40.751662,-73.973802,40.764842,1
20120104_172200,16.5,2012-01-04T17:22:00Z,-73.9513,40.774138,-73.990095,40.751048,1
20121203_131000,9.0,2012-12-03T13:10:00Z,-74.006462,40.726713,-73.993078,40.731628,1
20090902_011100,8.9,2009-09-02T01:11:00Z,-73.98065799999998,40.733873,-73.99154,40.758138,2
20120408_073050,5.3,2012-04-08T07:30:50Z,-73.996335,40.737142,-73.980721,40.733559,1
20121224_112400,5.5,2012-12-24T11:24:00Z,0.0,0.0,0.0,0.0,3
20091106_010403,4.1,2009-11-06T01:04:03Z,-73.991601,40.744712,-73.983081,40.744682,2
20130702_195400,7.0,2013-07-02T19:54:00Z,-74.00536,40.728867,-74.008913,40.710907,1
20110405_171105,7.7,2011-04-05T17:11:05Z,-74.00182099999998,40.737547,-73.99806,40.722788,2
20131123_125700,5.0,2013-11-23T12:57:00Z,0.0,0.0,0.0,0.0,1
20140219_072200,12.5,2014-02-19T07:22:00Z,-73.98643,40.760465,-73.98899,40.737075,1
20090722_160800,5.3,2009-07-22T16:08:00Z,-73.98106,40.73769,-73.99417700000002,40.728412,1
20100707_145200,5.3,2010-07-07T14:52:00Z,-73.969505,40.784843,-73.958732,40.783357,1
20141206_203622,4.0,2014-12-06T20:36:22Z,-73.979815,40.751902,-73.979446,40.755481,1
20100907_131800,10.5,2010-09-07T13:18:00Z,-73.985382,40.747858,-73.97837700000002,40.76207,1
20130212_121546,11.5,2013-02-12T12:15:46Z,-73.957954,40.779252,-73.96125,40.758787,1
20090806_181723,4.5,2009-08-06T18:17:23Z,-73.99170699999998,40.770505,-73.98545899999998,40.763671,1
20101206_122900,4.9,2010-12-06T12:29:00Z,-74.000632,40.747473,-73.986672,40.740577,1
20091210_153700,6.1,2009-12-10T15:37:00Z,-73.969622,40.756973,-73.98115200000002,40.759712,1
20110621_161500,7.3,2011-06-21T16:15:00Z,-73.991875,40.754437,-73.97723,40.774323,3
20110207_200100,6.5,2011-02-07T20:01:00Z,0.0,0.0,0.0,0.0,1
20110628_194700,4.5,2011-06-28T19:47:00Z,-73.988893,40.76016,-73.98644499999997,40.757857,3
20120504_061120,9.3,2012-05-04T06:11:20Z,-73.98925799999998,40.690835,-74.004133,40.72569,1
20130811_005200,4.5,2013-08-11T00:52:00Z,-73.98102,40.73776,-73.98066800000002,40.730497,2
20140219_160300,5.5,2014-02-19T16:03:00Z,-73.976075,40.752422,-73.981082,40.759285,1
20150621_214634,22.54,2015-06-21T21:46:34Z,-74.01048278808595,40.71766662597656,-73.98577117919923,40.66036605834961,1
20090109_161000,31.9,2009-01-09T16:10:00Z,-73.87302700000002,40.77388300000001,-73.984545,40.769545,3
20110907_140500,5.7,2011-09-07T14:05:00Z,-73.976162,40.744988,-73.990002,40.738323,2
20110907_230544,18.1,2011-09-07T23:05:44Z,-73.993717,40.740785,-73.99927199999998,40.676617,1
20150111_031538,58.0,2015-01-11T03:15:38Z,-73.98332977294923,40.73871994018555,-73.93319702148438,40.84722518920898,1
20150312_080838,4.5,2015-03-12T08:08:38Z,-73.99017333984375,40.756446838378906,-73.9856185913086,40.7628288269043,1
20120119_101530,5.3,2012-01-19T10:15:30Z,-73.995199,40.75474000000001,-74.005416,40.75108400000001,1
20131124_114200,9.0,2013-11-24T11:42:00Z,-73.95774,40.773617,-73.977087,40.758465,6
20090302_204249,9.8,2009-03-02T20:42:49Z,-73.972673,40.759186,-73.969897,40.791367,1
20110329_153949,8.1,2011-03-29T15:39:49Z,-73.984267,40.744961,-73.981646,40.759608,1
20111015_105524,10.9,2011-10-15T10:55:24Z,-74.003899,40.725514,-73.976484,40.765537,2
20131122_083809,17.5,2013-11-22T08:38:09Z,-73.97845,40.76292,-74.008482,40.716502,1
20090610_212800,12.1,2009-06-10T21:28:00Z,-73.988558,40.7372,-73.958688,40.780748,1
20110304_181200,5.3,2011-03-04T18:12:00Z,-73.997037,40.737095,-73.98612800000002,40.735043,1
20110831_211415,6.9,2011-08-31T21:14:15Z,-73.971114,40.758944,-73.97793,40.736613,1
20110601_203000,4.5,2011-06-01T20:30:00Z,-73.980822,40.74442,-73.991093,40.748797,1
20111214_075300,3.3,2011-12-14T07:53:00Z,-73.988877,40.76357700000001,-73.985573,40.760262,1
20120718_001600,3.3,2012-07-18T00:16:00Z,-73.98666,40.756072,-73.989727,40.751702,5
20130129_122600,9.0,2013-01-29T12:26:00Z,-73.992253,40.742657,-73.983597,40.755947,1
20111206_090921,9.7,2011-12-06T09:09:21Z,-73.985582,40.73976500000001,-73.973899,40.760426,1
20121006_203136,5.5,2012-10-06T20:31:36Z,-73.952825,40.772048,-73.95219399999998,40.781152,3
20130123_070138,8.0,2013-01-23T07:01:38Z,-73.980298,40.783723,-73.979628,40.763179,1
20130907_031700,7.5,2013-09-07T03:17:00Z,-73.97770799999998,40.746212,-73.975782,40.745055,1
20131110_011219,25.5,2013-11-10T01:12:19Z,-73.974497,40.751603,-73.934927,40.851567,4
20120104_180729,15.3,2012-01-04T18:07:29Z,-73.97151,40.755886,-73.968067,40.801173,1
20100531_180600,34.67,2010-05-31T18:06:00Z,-73.985427,40.758853,-73.872907,40.774497,1
20110319_215500,9.7,2011-03-19T21:55:00Z,-73.97954200000002,40.727498,-73.999315,40.730088,4
20120719_235314,13.7,2012-07-19T23:53:14Z,-74.002113,40.739582,-73.971918,40.791899,2
20090323_121329,6.5,2009-03-23T12:13:29Z,-73.98543000000002,40.736011,-73.982501,40.724802,1
20140716_105700,5.0,2014-07-16T10:57:00Z,-73.996148,40.74189000000001,-73.992202,40.739425,6
20110422_232103,4.5,2011-04-22T23:21:03Z,-74.009137,40.713436,-74.00282299999998,40.72342800000001,3
20120102_145400,4.9,2012-01-02T14:54:00Z,-74.003985,40.73167700000001,-73.999765,40.723512,1
20140501_091200,7.0,2014-05-01T09:12:00Z,-73.96620300000002,40.7675,-73.980915,40.77424,6
20111107_104740,7.3,2011-11-07T10:47:40Z,-74.003919,40.753019,-73.992368,40.735362,1
20121007_175908,7.5,2012-10-07T17:59:08Z,-74.004736,40.715882,-74.017723,40.705141,1
20140117_090300,8.5,2014-01-17T09:03:00Z,-73.991467,40.750575,-73.98575,40.741547,4
20140429_182800,16.5,2014-04-29T18:28:00Z,-73.970323,40.75084,-73.99839200000002,40.724862,6
20150412_101905,11.5,2015-04-12T10:19:05Z,-73.97927856445312,40.72343826293945,-74.00460815429686,40.7469482421875,6
20150512_235142,5.0,2015-05-12T23:51:42Z,-73.95479583740234,40.779335021972656,-73.94493103027344,40.780086517333984,1
20090802_023411,6.9,2009-08-02T02:34:11Z,-73.99578100000002,40.723411,-74.005004,40.71895,2
20100131_105300,3.7,2010-01-31T10:53:00Z,-74.00163,40.730767,-73.997112,40.737533,1
20100514_080900,6.9,2010-05-14T08:09:00Z,-73.955118,40.768942,-73.963495,40.761887,2
20120521_152000,10.1,2012-05-21T15:20:00Z,-73.977788,40.771838,-73.9662,40.778113,2
20141208_160001,16.5,2014-12-08T16:00:01Z,-73.9828,40.745287,-74.01425,40.702935,1
20100816_013300,15.07,2010-08-16T01:33:00Z,-73.961933,40.795585,-73.962253,40.764817,2
20101204_142613,7.7,2010-12-04T14:26:13Z,-73.996601,40.736569,-73.982152,40.744322,1
20110812_042000,24.9,2011-08-12T04:20:00Z,-74.006662,40.73121,-73.92594,40.825588,1
20130206_221600,7.0,2013-02-06T22:16:00Z,-73.988425,40.764342,-74.001642,40.745752,2
20140611_222421,8.5,2014-06-11T22:24:21Z,-73.994128,40.735087,-73.986393,40.751461,1
20100819_163300,5.7,2010-08-19T16:33:00Z,-73.97383,40.763717,-73.98942,40.771522,1
20130310_154400,5.0,2013-03-10T15:44:00Z,-74.01335999999998,40.702272,-74.01699,40.709245,1
20130614_082743,8.5,2013-06-14T08:27:43Z,-73.95371,40.790813,-73.957015,40.777676,1
20130708_212400,17.0,2013-07-08T21:24:00Z,-74.00972800000002,40.705167,-73.970897,40.749307,1
20140321_110029,8.0,2014-03-21T11:00:29Z,-73.950688,40.828531,-73.964101,40.80814,1
20141002_133956,12.0,2014-10-02T13:39:56Z,-73.995387,40.749482,-73.975789,40.748741,1
20110831_082147,12.5,2011-08-31T08:21:47Z,-73.917399,40.746485,-73.97375600000002,40.763836,1
20140519_062600,7.5,2014-05-19T06:26:00Z,-73.990815,40.730495,-73.978337,40.751085,1
20120405_055000,6.9,2012-04-05T05:50:00Z,-74.00744300000002,40.732547,-73.991112,40.742312,5
20150304_145540,5.0,2015-03-04T14:55:40Z,-73.9887466430664,40.74495315551758,-73.99568176269531,40.74422073364258,2
20100427_214007,10.5,2010-04-27T21:40:07Z,-74.00113499999998,40.730979,-73.984424,40.76463,1
20110222_110916,7.7,2011-02-22T11:09:16Z,-73.96888100000002,40.764533,-73.985311,40.748956,1
20150403_162130,11.0,2015-04-03T16:21:30Z,-73.9810562133789,40.77426528930664,-73.95904541015625,40.78067398071289,2
20090109_150120,5.7,2009-01-09T15:01:20Z,-73.99282600000002,40.751271,-73.982786,40.742432,1
20130109_144200,9.0,2013-01-09T14:42:00Z,-73.946852,40.775802,-73.96434,40.760703,1
20130706_171800,13.5,2013-07-06T17:18:00Z,-73.950655,40.783282,-73.984365,40.769802,1
20131008_172900,7.5,2013-10-08T17:29:00Z,-73.976512,40.76527700000001,-73.977672,40.778052,1
20141207_122600,9.0,2014-12-07T12:26:00Z,-73.984977,40.752122,-74.000925,40.757982,1
20150517_080259,14.0,2015-05-17T08:02:59Z,-73.97920989990234,40.72368240356445,-74.01746368408203,40.71139526367188,1
20110609_005300,5.7,2011-06-09T00:53:00Z,-73.983052,40.722588,-73.988022,40.733738,3
20141112_124029,10.0,2014-11-12T12:40:29Z,-74.002581,40.739572,-73.99458,40.760682,1
20100604_144900,5.7,2010-06-04T14:49:00Z,-73.993452,40.761447,-73.979662,40.759618,5
20101108_204200,9.7,2010-11-08T20:42:00Z,-73.97070500000002,40.761643,-73.99283299999998,40.727647,2
20110309_072434,14.1,2011-03-09T07:24:34Z,-73.974492,40.751369,-74.01058499999998,40.703364,1
20110804_103800,7.7,2011-08-04T10:38:00Z,-73.991607,40.76318,-73.982718,40.76239,2
20090325_000852,52.0,2009-03-25T00:08:52Z,-74.035839,40.74732,-74.035839,40.74732,1
20100322_100100,11.3,2010-03-22T10:01:00Z,-74.00766999999998,40.732177,-73.974663,40.758932,1
20120325_092245,8.5,2012-03-25T09:22:45Z,-73.986681,40.725659,-73.977068,40.754504,1
20120605_091600,12.9,2012-06-05T09:16:00Z,-73.965315,40.790852,-73.978195,40.766375,6
20121106_113314,9.5,2012-11-06T11:33:14Z,-73.972195,40.765883,-73.96794200000002,40.761951,1
20140522_183000,9.0,2014-05-22T18:30:00Z,-73.982272,40.748357,-73.969325,40.763877,1
20141017_082800,10.0,2014-10-17T08:28:00Z,-73.99179699999998,40.735262,-73.975915,40.748697,6
20121206_180500,35.0,2012-12-06T18:05:00Z,-73.95331,40.787772,-73.944352,40.719772,2
20121206_180500,9.0,2012-12-06T18:05:00Z,-73.96083,40.77308,-73.978372,40.774907,1
20140720_124835,17.0,2014-07-20T12:48:35Z,-73.97339000000002,40.743883,-73.954021,40.766063,1
20090125_184100,6.1,2009-01-25T18:41:00Z,-74.00012199999998,40.74308,-74.00615,40.734233,5
20100327_022639,14.5,2010-03-27T02:26:39Z,-73.961598,40.716487,-73.960417,40.674963,2
20110105_173900,3.7,2011-01-05T17:39:00Z,-73.966957,40.761268,-73.967912,40.765535,1
20120511_150353,32.5,2012-05-11T15:03:53Z,-73.872862,40.774105,-73.97059300000002,40.764393,2
20100103_102012,5.3,2010-01-03T10:20:12Z,-73.995083,40.739527,-73.999599,40.726264,3
20121108_210000,11.5,2012-11-08T21:00:00Z,-73.972018,40.750142,-74.006008,40.73622,5
20131123_233403,4.0,2013-11-23T23:34:03Z,-73.993701,40.741569,-73.987999,40.748834,1
20100617_161258,10.5,2010-06-17T16:12:58Z,-73.966473,40.7575,-73.993336,40.745051,1
20120819_195634,17.7,2012-08-19T19:56:34Z,-73.87082,40.773748,-73.808317,40.7003,1
20130117_172200,8.0,2013-01-17T17:22:00Z,0.0,0.0,0.0,0.0,2
20130510_163908,5.0,2013-05-10T16:39:08Z,-73.971696,40.763378,-73.962035,40.776598,1
20130917_042200,19.0,2013-09-17T04:22:00Z,-73.98721,40.729325,-73.931985,40.697207,1
20140106_212100,8.0,2014-01-06T21:21:00Z,-73.98849200000002,40.71797700000001,-73.97818000000002,40.737407,1
20100930_083800,7.3,2010-09-30T08:38:00Z,-73.986588,40.72165,-74.00800500000003,40.717167,2
20121006_154700,6.5,2012-10-06T15:47:00Z,-73.98213,40.774807,-73.97358299999998,40.789645,5
20130211_001300,8.0,2013-02-11T00:13:00Z,-74.002843,40.733692,-73.987882,40.72859,1
20140912_231000,16.5,2014-09-12T23:10:00Z,-73.983837,40.676052,-74.002522,40.723145,1
20090922_211400,49.57,2009-09-22T21:14:00Z,-73.977023,40.7526,-73.79030999999998,40.643783,2
20120203_134635,10.5,2012-02-03T13:46:35Z,-73.988006,40.737723,-73.965699,40.766095,1
20120212_012600,22.5,2012-02-12T01:26:00Z,-73.9882,40.75909,-73.923683,40.86861,5
20121221_064700,11.5,2012-12-21T06:47:00Z,-73.94747199999998,40.771227,-73.981832,40.760272,1
20141101_165109,12.5,2014-11-01T16:51:09Z,-73.984723,40.748023,-73.977245,40.757891,2
20130126_183600,5.5,2013-01-26T18:36:00Z,-73.950305,40.785607,-73.943587,40.789532,1
20130520_110350,6.5,2013-05-20T11:03:50Z,-73.980735,40.747911,-73.97053000000002,40.761998,1
20150531_073318,16.5,2015-05-31T07:33:18Z,-73.99698638916014,40.75542831420898,-73.95319366455078,40.802101135253906,3
20150215_224132,9.0,2015-02-15T22:41:32Z,-74.00344848632812,40.73310089111328,-74.00800323486328,40.70721435546875,1
20090625_102900,8.9,2009-06-25T10:29:00Z,-73.9578,40.768003,-73.981712,40.763392,1
20090723_170510,10.9,2009-07-23T17:05:10Z,-73.983735,40.746697,-73.954411,40.772219,1
20110319_150027,8.9,2011-03-19T15:00:27Z,-73.98103,40.729782,-73.993011,40.752803,1
20110506_113714,8.5,2011-05-06T11:37:14Z,-73.963115,40.774034,-73.975251,40.760823,1
20130208_095004,17.0,2013-02-08T09:50:04Z,-73.962458,40.759027,-73.986199,40.753397,1
20100824_013926,12.5,2010-08-24T01:39:26Z,-74.003848,40.720855,-73.98098,40.668304,1
20140513_221900,52.5,2014-05-13T22:19:00Z,-73.982265,40.762062,-73.76855,40.675135,1
20141025_212400,16.0,2014-10-25T21:24:00Z,-74.005677,40.745547,-73.962663,40.794295,1
20150419_222112,8.0,2015-04-19T22:21:12Z,-73.98548889160156,40.74728012084961,-74.00767517089844,40.74076843261719,1
20100517_074400,17.3,2010-05-17T07:44:00Z,-73.950972,40.785633,-74.01024,40.720302,1
20111026_033700,5.7,2011-10-26T03:37:00Z,-74.00844000000002,40.711253,-74.001313,40.731078,1
20150418_093031,5.5,2015-04-18T09:30:31Z,-73.98091125488281,40.7420654296875,-73.97698974609375,40.75165557861328,1
20090227_133121,16.5,2009-02-27T13:31:21Z,-73.974938,40.762091,-74.003309,40.706195,2
20090716_203300,12.9,2009-07-16T20:33:00Z,-73.980755,40.68055800000001,-73.98911,40.726788,2
20110516_131038,10.1,2011-05-16T13:10:38Z,-73.99124499999998,40.739058,-73.992972,40.76768,1
20130809_211900,9.5,2013-08-09T21:19:00Z,-73.992583,40.730417,-74.005352,40.740247,1
20100314_154000,4.5,2010-03-14T15:40:00Z,-73.979872,40.74902700000001,-73.97655300000002,40.757498,5
20110427_131948,6.5,2011-04-27T13:19:48Z,-73.971541,40.764009,-73.975937,40.755971,1
20150130_001606,21.5,2015-01-30T00:16:06Z,-74.0010986328125,40.72149658203125,-73.95943450927734,40.6530647277832,1
20141104_121119,8.0,2014-11-04T12:11:19Z,-73.975189,40.759095,-73.98051,40.76761,1
20091227_210739,4.9,2009-12-27T21:07:39Z,-74.00301800000003,40.73978,-73.99153299999998,40.733091,1
20100704_130747,5.7,2010-07-04T13:07:47Z,-73.991037,40.750049,-73.980438,40.75193,2
20110612_133300,15.3,2011-06-12T13:33:00Z,-73.949477,40.768018,-74.003118,40.733022,5
20120828_122940,14.9,2012-08-28T12:29:40Z,-73.992214,40.758864,-73.9938,40.722718,1
20121111_182300,7.0,2012-11-11T18:23:00Z,-73.999998,40.727087,-73.992448,40.735602,1
20130324_180542,35.5,2013-03-24T18:05:42Z,-73.86389100000002,40.770005,-74.007246,40.705533,1
20140813_082600,8.5,2014-08-13T08:26:00Z,-73.954598,40.78676,-73.966013,40.768112,1
20090116_211000,4.5,2009-01-16T21:10:00Z,-73.99414300000002,40.751193,-73.988897,40.759742,1
20110121_184346,4.1,2011-01-21T18:43:46Z,-73.982279,40.768364,-73.985968,40.762939,1
20110226_202736,11.7,2011-02-26T20:27:36Z,-73.98149599999998,40.781004,-73.99592,40.738813,1
20130622_023501,23.0,2013-06-22T02:35:01Z,-73.99772800000002,40.746099,-73.94765600000002,40.829451,1
20090606_235600,5.7,2009-06-06T23:56:00Z,-73.982357,40.762498,-73.97321,40.755345,2
20090124_095100,5.3,2009-01-24T09:51:00Z,-73.96706999999998,40.769178,-73.954895,40.77821,1
20150227_075056,10.5,2015-02-27T07:50:56Z,-73.94402313232422,40.77595901489258,-73.95504760742188,40.78507995605469,1
20090325_144849,4.9,2009-03-25T14:48:49Z,-73.982095,40.774001,-73.975373,40.787111,1
20100910_184500,6.5,2010-09-10T18:45:00Z,-73.98353,40.766992,-73.986255,40.779708,4
20110831_134702,11.3,2011-08-31T13:47:02Z,-73.981154,40.729204,-74.007407,40.74851,2
20130412_043951,11.5,2013-04-12T04:39:51Z,-73.963511,40.761732,-73.917488,40.739776,1
20090529_094611,5.3,2009-05-29T09:46:11Z,-73.98341500000002,40.761844,-73.990414,40.756375,2
20100715_190901,5.7,2010-07-15T19:09:01Z,-74.006055,40.733166,-74.002895,40.74553,1
20090907_185200,8.1,2009-09-07T18:52:00Z,-73.952198,40.788107,-73.980767,40.774995,1
20100609_062032,6.1,2010-06-09T06:20:32Z,-74.008083,40.719238,-73.99831999999998,40.737977,1
20120415_170244,9.3,2012-04-15T17:02:44Z,-73.995636,40.746573,-73.984437,40.767145,1
20130206_145200,4.5,2013-02-06T14:52:00Z,-73.972072,40.755692,-73.972082,40.755727,2
20111213_055600,5.7,2011-12-13T05:56:00Z,-73.99049000000002,40.755982,-73.974202,40.75421,4
20140727_082200,16.5,2014-07-27T08:22:00Z,-73.95485,40.76542,-74.00751,40.73877,2
20130606_152356,17.0,2013-06-06T15:23:56Z,-73.954462,40.764046,-73.99459300000002,40.729272,2
20140712_152200,24.5,2014-07-12T15:22:00Z,-74.01278,40.707952,-73.99793199999998,40.760632,6
20100525_201400,6.1,2010-05-25T20:14:00Z,-74.005278,40.735298,-73.986698,40.729892,1
20120908_004920,6.0,2012-09-08T00:49:20Z,-74.004935,40.729625,-74.01615600000002,40.71741,1
20140108_215558,6.5,2014-01-08T21:55:58Z,-73.998488,40.726303,-73.998488,40.726303,1
20100905_170800,3.7,2010-09-05T17:08:00Z,0.0,0.0,0.0,0.0,5
20120830_185700,4.5,2012-08-30T18:57:00Z,-73.9265,40.765577,-73.93789699999998,40.76451,3
20130502_074100,27.0,2013-05-02T07:41:00Z,-73.987285,40.718622,-73.959295,40.778482,1
20140205_002800,16.0,2014-02-05T00:28:00Z,-73.996652,40.744495,-73.980253,40.737635,1
20100112_171100,16.1,2010-01-12T17:11:00Z,-73.959222,40.763282,-73.9633,40.716935,1
20101107_171423,15.7,2010-11-07T17:14:23Z,-73.97489499999998,40.751455,-73.98175400000002,40.783542,2
20120422_003500,26.9,2012-04-22T00:35:00Z,-73.863072,40.768622,-73.98214499999997,40.736167,6
20130105_213600,5.5,2013-01-05T21:36:00Z,-73.989692,40.735497,-73.982012,40.739392,1
20131005_091221,6.0,2013-10-05T09:12:21Z,-74.00031,40.747961,-73.993636,40.757229,1
20091116_235300,7.7,2009-11-16T23:53:00Z,-74.00145,40.717487,-74.017455,40.709785,1
20110405_112900,12.9,2011-04-05T11:29:00Z,-73.985185,40.72777,-73.98060500000003,40.759143,1
20120425_203900,11.3,2012-04-25T20:39:00Z,-73.993973,40.746577,-74.00506,40.70936500000001,1
20110110_160700,42.5,2011-01-10T16:07:00Z,-73.795677,40.807722,-73.97868299999998,40.724365,2
20110114_181000,5.7,2011-01-14T18:10:00Z,-73.98637,40.74738,-73.975567,40.744572,2
20120402_080216,5.3,2012-04-02T08:02:16Z,-73.948001,40.77854,-73.958566,40.778483,2
20100210_085754,10.5,2010-02-10T08:57:54Z,-73.95410799999998,40.766901,-73.984133,40.743475,1
20110531_222101,7.3,2011-05-31T22:21:01Z,-73.99400899999998,40.76144,-73.972811,40.792574,1
20110926_093242,4.5,2011-09-26T09:32:42Z,-73.99533100000002,40.739986,-73.987655,40.736707,1
20121023_080925,12.5,2012-10-23T08:09:25Z,-73.982332,40.768633,-73.983343,40.744372,1
20130907_222900,16.5,2013-09-07T22:29:00Z,-73.9952,40.731697,-73.94977,40.780347,1
20120731_192000,4.9,2012-07-31T19:20:00Z,-74.002707,40.72664,-73.991825,40.72722,2
20110826_080000,4.1,2011-08-26T08:00:00Z,-73.990953,40.733067,-73.996235,40.72557000000001,1
20130317_125658,15.5,2013-03-17T12:56:58Z,-73.985132,40.76853,-74.002285,40.73000800000001,1
20150525_151109,11.0,2015-05-25T15:11:09Z,-73.97221374511719,40.76557159423828,-73.97958374023438,40.73646926879883,1
20090408_191110,4.9,2009-04-08T19:11:10Z,-73.998287,40.72749,-73.98985400000002,40.735239,2
20090606_015752,11.3,2009-06-06T01:57:52Z,-73.98019599999998,40.726966,-73.956413,40.77547,1
20110227_144500,7.3,2011-02-27T14:45:00Z,-73.983758,40.74643,-73.963557,40.774088,1
20120113_112800,14.9,2012-01-13T11:28:00Z,-73.955268,40.782767,-73.93238199999998,40.794812,6
20120316_075800,30.9,2012-03-16T07:58:00Z,-73.981942,40.763977,-73.870455,40.773607,5
20120618_205727,6.1,2012-06-18T20:57:27Z,-73.98971999999998,40.75238,-74.007553,40.743197,1
20100223_094900,3.3,2010-02-23T09:49:00Z,-73.995802,40.749905,-73.99454300000002,40.750907,1
20120106_070508,4.1,2012-01-06T07:05:08Z,-73.991863,40.754275,-73.983796,40.753213,1
20140721_140300,12.0,2014-07-21T14:03:00Z,-73.973857,40.764185,-73.994435,40.750242,3
20140805_114433,9.0,2014-08-05T11:44:33Z,-73.991485,40.754599,-74.00497,40.751693,1
20120329_035100,2.5,2012-03-29T03:51:00Z,-73.989142,40.720105,-73.988777,40.720662,1
20120630_134300,8.9,2012-06-30T13:43:00Z,-73.98948,40.743287,-73.965692,40.754512,1
20140131_044953,10.5,2014-01-31T04:49:53Z,-73.97899100000002,40.72375,-73.96304599999998,40.711855,1
20101116_194000,5.7,2010-11-16T19:40:00Z,-74.000552,40.727492,-74.005037,40.719123,1
20121215_191153,7.0,2012-12-15T19:11:53Z,-74.002462,40.718762,-74.007071,40.705536,2
20140720_235154,12.0,2014-07-20T23:51:54Z,-73.98499699999998,40.768466,-73.944564,40.800466,1
20100524_142400,49.57,2010-05-24T14:24:00Z,-73.982483,40.75674,-73.789985,40.64691,1
20110724_011435,8.5,2011-07-24T01:14:35Z,0.0,0.0,0.0,0.0,2
20120818_183300,4.5,2012-08-18T18:33:00Z,-73.947035,40.776027,-73.95549799999998,40.764307,1
20090808_213200,7.3,2009-08-08T21:32:00Z,-73.977897,40.762802,-73.99153000000003,40.750252,5
20100108_002800,5.3,2010-01-08T00:28:00Z,-73.986402,40.754723,-73.998898,40.739248,1
20100919_192800,6.9,2010-09-19T19:28:00Z,-73.967425,40.755712,-73.983035,40.734913,5
20120516_181400,9.3,2012-05-16T18:14:00Z,-73.971088,40.792648,-73.968405,40.769673,1
20090213_165452,6.7,2009-02-13T16:54:52Z,-73.95966899999998,40.779718,-73.976259,40.788413,1
20090620_192837,7.3,2009-06-20T19:28:37Z,-73.979345,40.77663,-73.973842,40.757074,1
20130903_080800,9.0,2013-09-03T08:08:00Z,-73.98088,40.779967,-73.95374699999998,40.78777,1
20130120_143327,13.0,2013-01-20T14:33:27Z,-74.008125,40.738935,-73.980522,40.759953,2
20130731_065113,19.0,2013-07-31T06:51:13Z,-73.988834,40.76428,-73.941405,40.838664,1
20130909_221259,5.5,2013-09-09T22:12:59Z,-73.976474,40.765048,-73.964665,40.762986,1
20090123_072800,8.1,2009-01-23T07:28:00Z,-73.99606800000002,40.732605,-73.980675,40.761862,1
20110218_131949,9.3,2011-02-18T13:19:49Z,-73.97321099999998,40.760752,-73.974265,40.788281,1
20130511_195100,18.0,2013-05-11T19:51:00Z,-73.997845,40.721235,-73.98825699999998,40.764125,1
20140913_121700,12.0,2014-09-13T12:17:00Z,-73.984227,40.766897,-73.96239,40.776037,1
20090421_225927,7.3,2009-04-21T22:59:27Z,-73.96853399999998,40.752603,-73.992625,40.742916,1
20090926_151720,4.9,2009-09-26T15:17:20Z,-73.95554,40.781958,-73.96219599999998,40.772095,2
20100528_213307,16.1,2010-05-28T21:33:07Z,-73.789506,40.64704,-73.81562199999998,40.680364,1
20110502_082011,12.9,2011-05-02T08:20:11Z,-73.978602,40.76412,-74.00885799999998,40.715637,2
20150214_190023,4.0,2015-02-14T19:00:23Z,-73.96197509765625,40.7761116027832,-73.95484924316406,40.77407455444336,1
20110502_124459,15.3,2011-05-02T12:44:59Z,-74.006636,40.751407,-73.95497900000002,40.765281,1
20120624_173300,11.7,2012-06-24T17:33:00Z,-73.954497,40.769857,-73.98431500000002,40.746007,1
20100522_232957,25.3,2010-05-22T23:29:57Z,-74.001343,40.74132,-73.928619,40.864267,1
20100630_022205,8.9,2010-06-30T02:22:05Z,-73.993112,40.719911,-73.95672900000002,40.720723,1
20130426_020600,6.0,2013-04-26T02:06:00Z,-73.978778,40.75350200000001,-73.973247,40.748147,1
20130502_035712,6.0,2013-05-02T03:57:12Z,-73.99578000000002,40.716218,-74.009132,40.72078,1
20110123_114428,6.5,2011-01-23T11:44:28Z,-74.003665,40.736906,-73.997843,40.724187,1
20121014_210627,7.5,2012-10-14T21:06:27Z,-73.97733000000002,40.74948,-73.987669,40.732709,1
20150430_140757,16.5,2015-04-30T14:07:57Z,-74.00399017333984,40.74797821044922,-73.98319244384766,40.75632858276367,1
20100712_094433,4.9,2010-07-12T09:44:33Z,-73.983249,40.734655,-73.99127800000002,40.738918,1
20120108_190315,9.7,2012-01-08T19:03:15Z,-73.962981,40.766443,-73.98893000000002,40.731434,1
20120424_130036,7.7,2012-04-24T13:00:36Z,-73.97935,40.784608,-73.963933,40.808145,1
20140509_094216,19.0,2014-05-09T09:42:16Z,-73.968675,40.799103,-73.935898,40.849863,2
20090731_135352,16.9,2009-07-31T13:53:52Z,-73.990057,40.756307,-73.94960400000002,40.834464,1
20121118_121700,10.5,2012-11-18T12:17:00Z,-74.00219799999998,40.739608,-73.987342,40.720295,2
20110615_180700,8.9,2011-06-15T18:07:00Z,-73.99633,40.753225,-73.978895,40.766963,3
20120825_015342,7.5,2012-08-25T01:53:42Z,-73.995892,40.746454,-73.995892,40.746454,1
20120906_134100,5.5,2012-09-06T13:41:00Z,-74.005583,40.740728,-74.003423,40.748705,1
20090513_181700,10.9,2009-05-13T18:17:00Z,-73.964958,40.775261,-73.94966099999998,40.809689,1
20091030_181300,8.1,2009-10-30T18:13:00Z,0.0,0.0,0.0,0.0,4
20100117_220700,5.7,2010-01-17T22:07:00Z,-73.967598,40.756242,-73.953277,40.76833,1
20091206_115829,18.1,2009-12-06T11:58:29Z,-74.008134,40.748631,-73.952349,40.780512,2
20100630_061500,10.9,2010-06-30T06:15:00Z,-73.95394,40.781298,-73.994423,40.75014,5
20110404_185600,8.9,2011-04-04T18:56:00Z,-73.939093,40.80510200000001,-73.956073,40.771995,5
20140303_233000,13.5,2014-03-03T23:30:00Z,-73.981627,40.78042,-74.008465,40.734012,2
20140519_205926,5.0,2014-05-19T20:59:26Z,-74.00269,40.739438,-73.994579,40.75057,2
20111207_194021,5.3,2011-12-07T19:40:21Z,-73.958749,40.781019,-73.945876,40.778165,1
20120617_020553,7.7,2012-06-17T02:05:53Z,-73.98779,40.721226,-73.992425,40.735723,1
20130101_142600,9.0,2013-01-01T14:26:00Z,-73.969465,40.79798,-73.982315,40.776767,1
20111008_002400,16.1,2011-10-08T00:24:00Z,-73.988568,40.732097,-73.957498,40.742657,1
20120730_161908,4.9,2012-07-30T16:19:08Z,-73.966597,40.794345,-73.965682,40.803808,2
20120909_102415,5.5,2012-09-09T10:24:15Z,-73.999432,40.749066,-73.995077,40.738264,1
20130614_173700,57.33,2013-06-14T17:37:00Z,-73.781127,40.645007,-73.981802,40.762515,1
20140228_224507,8.5,2014-02-28T22:45:07Z,-73.95660600000002,40.771111,-73.977111,40.776811,3
20140610_141829,9.5,2014-06-10T14:18:29Z,-73.981932,40.777668,-73.96005799999998,40.809688,1
20150329_133125,7.5,2015-03-29T13:31:25Z,-73.9531021118164,40.78870010375977,-73.95677947998048,40.80590438842773,1
20091214_123300,6.9,2009-12-14T12:33:00Z,-73.98243199999997,40.745747,-73.98243199999997,40.745747,1
20130921_025400,7.5,2013-09-21T02:54:00Z,-73.99199499999997,40.74499,-73.986237,40.729637,2
20090831_102500,8.1,2009-08-31T10:25:00Z,-73.988988,40.777013,-73.997445,40.760155,1
20110118_234800,6.1,2011-01-18T23:48:00Z,-74.006642,40.738927,-74.010828,40.717907,3
20120626_130814,5.7,2012-06-26T13:08:14Z,-73.966612,40.759278,-73.975773,40.755462,1
20100121_083900,14.1,2010-01-21T08:39:00Z,-73.987365,40.738572,-73.97721800000002,40.77535200000001,1
20110721_154300,5.7,2011-07-21T15:43:00Z,-73.989807,40.74123,-73.99391700000002,40.726492,1
20131106_112654,7.0,2013-11-06T11:26:54Z,-73.95906,40.781061,-73.96206,40.768604,1
20140209_021700,12.0,2014-02-09T02:17:00Z,-73.985652,40.72212,-73.970955,40.751952,1
20150418_082908,11.5,2015-04-18T08:29:08Z,-73.95511627197266,40.76898956298828,-73.98423767089844,40.74843978881836,1
20100327_222051,12.1,2010-03-27T22:20:51Z,-73.870936,40.77370300000001,-73.91426899999998,40.753681,1
20100615_133108,26.67,2010-06-15T13:31:08Z,-73.958063,40.760414,-73.86144300000002,40.768181,1
20100913_093700,4.5,2010-09-13T09:37:00Z,-73.98674,40.755362,-73.995713,40.764137,1
20110404_205901,10.1,2011-04-04T20:59:01Z,-73.98455600000001,40.742882,-73.95908100000003,40.763551,1
20110508_104327,7.7,2011-05-08T10:43:27Z,-73.98101899999997,40.781874,-73.98199699999998,40.756597,1
20140711_050700,25.0,2014-07-11T05:07:00Z,-73.95166,40.772657,-74.010583,40.721405,2
20140821_102117,19.0,2014-08-21T10:21:17Z,-73.97402,40.762828000000006,-73.940839,40.726467,1
20131031_114916,14.0,2013-10-31T11:49:16Z,-73.98859399999998,40.75336400000001,-73.989319,40.723218,1
20131115_015135,5.0,2013-11-15T01:51:35Z,-73.987888,40.721048,-73.983132,40.731187,1
20150510_224110,43.5,2015-05-10T22:41:10Z,-73.98020935058595,40.78373336791992,-74.01134490966798,40.64415740966797,1
20150620_095028,8.0,2015-06-20T09:50:28Z,-74.01072692871094,40.71009063720703,-73.99810028076173,40.722900390625,1
20090313_174318,8.7,2009-03-13T17:43:18Z,-73.97798399999998,40.75454600000001,-73.958947,40.779093,4
20110127_213000,3.7,2011-01-27T21:30:00Z,-73.970892,40.755915,-73.966747,40.760517,1
20111124_015825,20.5,2011-11-24T01:58:25Z,-73.965723,40.758641,-73.93782399999998,40.855636,1
20150602_231615,34.0,2015-06-02T23:16:15Z,-73.97489929199219,40.75109481811523,-73.9085464477539,40.88187789916992,0
20150319_123817,52.83,2015-03-19T12:38:17Z,-73.87305450439453,40.774085998535156,-73.98272705078125,40.7714958190918,1
20090716_223800,6.1,2009-07-16T22:38:00Z,-73.978945,40.76707,-73.977897,40.783568,1
20130622_134800,8.5,2013-06-22T13:48:00Z,-73.976877,40.759192,-73.991685,40.74981,1
20140310_195051,20.0,2014-03-10T19:50:51Z,-73.89317700000002,40.790756,-73.892578,40.788483,1
20100528_081834,10.5,2010-05-28T08:18:34Z,-73.985881,40.7383,-73.96499,40.775237,1
20120310_225325,26.5,2012-03-10T22:53:25Z,-73.776747,40.645265,-73.81380300000002,40.709035,1
20150601_214106,8.0,2015-06-01T21:41:06Z,-73.96178436279298,40.759578704833984,-73.97894287109375,40.772605895996094,4
20090126_004442,10.6,2009-01-26T00:44:42Z,-73.994279,40.690409,-74.016739,40.709063,1
20100921_070631,4.5,2010-09-21T07:06:31Z,-73.965372,40.759256,-73.97487,40.752373,1
20110309_222125,9.7,2011-03-09T22:21:25Z,-73.977829,40.788979,-73.967935,40.760508,1
20111205_083834,20.5,2011-12-05T08:38:34Z,-73.96861899999998,40.766432,-74.00855899999998,40.704591,1
20120106_105710,9.3,2012-01-06T10:57:10Z,-73.982229,40.731822,-73.980239,40.760162,1
20140525_210900,18.5,2014-05-25T21:09:00Z,-74.005385,40.707002,-73.992793,40.750742,1
20140427_215645,5.0,2014-04-27T21:56:45Z,-73.98275100000002,40.762738,-73.97835400000002,40.764564,2
20090803_081945,34.0,2009-08-03T08:19:45Z,-73.863506,40.769985,-73.97582,40.765446,1
20121108_200735,23.5,2012-11-08T20:07:35Z,-73.992028,40.75497,-73.912663,40.780157,1
20091211_155717,4.5,2009-12-11T15:57:17Z,-73.980909,40.774585,-73.98136,40.779419,3
20131207_132500,8.0,2013-12-07T13:25:00Z,-73.985217,40.74217700000001,-73.99998000000002,40.726917,1
20100227_201300,26.5,2010-02-27T20:13:00Z,-73.977765,40.766177,-73.977982,40.766937,5
20141224_112300,5.5,2014-12-24T11:23:00Z,-74.00482199999998,40.741812,-74.007312,40.733577,2
20090323_202400,6.1,2009-03-23T20:24:00Z,-73.98795,40.757852,-73.988227,40.749963,1
20100323_174300,4.9,2010-03-23T17:43:00Z,-73.970442,40.764695,-73.961907,40.765392,4
20100126_145500,5.3,2010-01-26T14:55:00Z,-73.993085,40.75200200000001,-73.980337,40.76483,1
20110705_142300,8.1,2011-07-05T14:23:00Z,-73.99096999999998,40.742158,-73.977728,40.72673,1
20130401_000415,20.33,2013-04-01T00:04:15Z,-73.994718,40.750306,-73.95051099999998,40.728566,1
20130628_202400,4.5,2013-06-28T20:24:00Z,-73.955282,40.76886500000001,-73.949683,40.776472,1
20140512_121128,7.0,2014-05-12T12:11:28Z,-74.002792,40.76051500000001,-74.00441500000002,40.741973,1
20090711_122003,7.7,2009-07-11T12:20:03Z,-73.987145,40.722568,-74.005402,40.739583,1
20091016_103200,7.3,2009-10-16T10:32:00Z,-73.990575,40.746117,-74.003227,40.751447,1
20100609_145347,33.07,2010-06-09T14:53:47Z,-73.862764,40.769064,-73.984033,40.752842,2
20110504_134400,36.5,2011-05-04T13:44:00Z,-73.873068,40.774183,-73.978847,40.762062,5
20140101_052200,5.0,2014-01-01T05:22:00Z,-73.99436,40.72039,-73.98577,40.72304000000001,2
20140625_174316,23.5,2014-06-25T17:43:16Z,-73.958585,40.775615,-74.00048000000002,40.737611,1
20120509_152600,6.1,2012-05-09T15:26:00Z,-73.97985,40.786315,-73.985068,40.774133,1
20130112_181000,11.0,2013-01-12T18:10:00Z,-73.956597,40.777432,-73.980035,40.763175,1
20140905_152300,6.0,2014-09-05T15:23:00Z,-73.96826,40.76514,-73.961115,40.774882,6
20090920_113200,11.3,2009-09-20T11:32:00Z,-73.975868,40.790142,-74.006695,40.751278000000006,5
20091115_195800,8.1,2009-11-15T19:58:00Z,-73.990397,40.75103,-73.981137,40.764718,1
20100328_223244,8.9,2010-03-28T22:32:44Z,-74.000763,40.729744,-73.974662,40.74915900000001,3
20110219_222500,4.5,2011-02-19T22:25:00Z,-73.99784,40.68295,-73.980198,40.676842,1
20130131_193805,11.0,2013-01-31T19:38:05Z,-73.978836,40.764745,-73.984774,40.745978,1
20130618_102705,8.5,2013-06-18T10:27:05Z,-73.992108,40.764203,-73.973,40.762695,1
20130704_164127,8.5,2013-07-04T16:41:27Z,0.0,0.0,0.0,0.0,1
20100115_111107,8.1,2010-01-15T11:11:07Z,-73.978916,40.78712,-73.957307,40.783588,1
20100919_151700,6.9,2010-09-19T15:17:00Z,-73.996268,40.738123,-73.98238,40.73617,1
20131119_220900,6.0,2013-11-19T22:09:00Z,-73.971462,40.761332,-73.980797,40.768002,1
20090427_202839,5.3,2009-04-27T20:28:39Z,-73.988927,40.760223,-73.991474,40.750591,1
20111127_005739,6.1,2011-11-27T00:57:39Z,-73.980068,40.74310300000001,-73.99118100000003,40.750228,1
20121110_003053,9.5,2012-11-10T00:30:53Z,-73.995776,40.748921,-73.96882099999998,40.764391,2
20131218_091500,11.5,2013-12-18T09:15:00Z,-73.97941,40.766107,-74.003015,40.750522,1
20150314_092341,17.0,2015-03-14T09:23:41Z,-74.01294708251955,40.705242156982415,-73.98070526123048,40.74221420288085,6
20090730_144400,5.3,2009-07-30T14:44:00Z,-73.978002,40.778607,-73.970662,40.788625,1
20130611_162757,10.0,2013-06-11T16:27:57Z,-73.99588299999998,40.743785,-73.990057,40.767137,1
20141208_010016,15.5,2014-12-08T01:00:16Z,-73.957675,40.717887,-73.942583,40.686397,1
20100611_174138,6.9,2010-06-11T17:41:38Z,-73.977757,40.762991,-73.983801,40.779518,1
20110501_124832,18.1,2011-05-01T12:48:32Z,-73.986592,40.761807,-74.01065899999998,40.704133,1
20150521_092305,15.5,2015-05-21T09:23:05Z,-73.9941177368164,40.75117874145508,-73.97511291503906,40.7564582824707,1
20120203_015519,10.1,2012-02-03T01:55:19Z,-73.982334,40.722411,-73.964907,40.755644,1
20130322_192000,21.5,2013-03-22T19:20:00Z,-73.955235,40.773077,-74.00795500000002,40.71711,6
20141004_201000,8.5,2014-10-04T20:10:00Z,-73.99413,40.76668,-73.98861,40.75705,1
20120812_162252,7.3,2012-08-12T16:22:52Z,-73.988883,40.73405,-73.992385,40.724842,1
20140529_055722,2.5,2014-05-29T05:57:22Z,0.0,0.0,0.0,0.0,1
20140916_151219,8.5,2014-09-16T15:12:19Z,-73.958118,40.773086,-73.94694100000002,40.779994,1
20100725_095600,6.1,2010-07-25T09:56:00Z,-73.970447,40.75779,-73.969687,40.769923,5
20120225_194300,14.1,2012-02-25T19:43:00Z,-73.98109699999998,40.764483,-73.99185,40.722037,1
20131230_151617,6.0,2013-12-30T15:16:17Z,-73.9742,40.762693,-73.979824,40.755547,1
20141205_135954,8.5,2014-12-05T13:59:54Z,-73.958823,40.783588,-73.978697,40.777533,1
20150504_093613,8.0,2015-05-04T09:36:13Z,-73.98793029785155,40.72850036621094,-74.00728607177734,40.72747802734375,1
20120425_161900,5.3,2012-04-25T16:19:00Z,-73.971913,40.75925,-73.962905,40.77216,1
20140106_192429,10.5,2014-01-06T19:24:29Z,-73.978389,40.757757,-73.98044200000002,40.733626,1
20150220_071252,5.5,2015-02-20T07:12:52Z,-73.97077941894531,40.75881576538085,-73.97015380859375,40.74894332885742,1
20090821_193505,8.1,2009-08-21T19:35:05Z,-73.960853,40.761557,-73.97633499999998,40.748361,1
20121115_083900,13.0,2012-11-15T08:39:00Z,0.0,0.0,0.0,0.0,1
20140429_095115,8.5,2014-04-29T09:51:15Z,-73.99476,40.765585,-73.996026,40.758698,1
20101126_160101,6.1,2010-11-26T16:01:01Z,-73.953316,40.767588,-73.97152700000002,40.757499,1
20101226_115032,12.9,2010-12-26T11:50:32Z,-73.975224,40.765201,-73.998754,40.728,1
20140201_210600,10.0,2014-02-01T21:06:00Z,-73.979022,40.777667,-73.992172,40.721555,5
20140708_201600,8.5,2014-07-08T20:16:00Z,-74.00554699999998,40.745687,-74.011247,40.728733,6
20100415_181300,4.9,2010-04-15T18:13:00Z,-73.954665,40.773395,-73.94686,40.776093,1
20120926_131447,6.0,2012-09-26T13:14:47Z,-73.964483,40.764431,-73.956576,40.77985200000001,1
20140110_081607,5.0,2014-01-10T08:16:07Z,-73.98214,40.772705,-73.988691,40.774325,1
20140312_181244,12.0,2014-03-12T18:12:44Z,-73.844904,40.736318,-73.844904,40.736318,1
20130302_154727,13.5,2013-03-02T15:47:27Z,-73.98265,40.753748,-74.00793,40.741922,1
20150311_144858,33.83,2015-03-11T14:48:58Z,-73.97330474853516,40.756385803222656,-73.87244415283203,40.77430725097656,1
20090902_051810,25.7,2009-09-02T05:18:10Z,-73.991729,40.760501,-73.861246,40.767619,1
20100521_083500,13.7,2010-05-21T08:35:00Z,-73.99212800000002,40.739535,-73.95814,40.768797,3
20111016_223725,10.5,2011-10-16T22:37:25Z,-73.997265,40.719963,-73.994268,40.754212,1
20120307_112612,5.7,2012-03-07T11:26:12Z,-73.95387099999998,40.766331,-73.96246500000002,40.774757,1
20130824_170700,9.0,2013-08-24T17:07:00Z,-73.993372,40.73617700000001,-73.978277,40.75786,2
20140206_111700,22.5,2014-02-06T11:17:00Z,-73.98071,40.782635,-74.00204000000002,40.719425,1
20140206_111700,7.5,2014-02-06T11:17:00Z,-73.954463,40.769887,-73.96162700000002,40.77936,1
20110420_185156,14.1,2011-04-20T18:51:56Z,-73.992131,40.724066,-73.98057,40.762877,1
20120503_212800,9.3,2012-05-03T21:28:00Z,-73.97210799999998,40.759308,-73.999263,40.761322,1
20140222_184134,4.0,2014-02-22T18:41:34Z,-73.99036600000002,40.757343,-73.985373,40.760604,1
20141003_163100,5.5,2014-10-03T16:31:00Z,-73.99223,40.725887,-73.993782,40.735277,1
20090518_123000,9.3,2009-05-18T12:30:00Z,-73.975782,40.74727,-73.96611,40.762933,1
20100626_095900,7.3,2010-06-26T09:59:00Z,-73.999627,40.743547,-73.98926999999998,40.756862,2
20130620_123608,4.5,2013-06-20T12:36:08Z,-73.988446,40.770843,-73.985985,40.777708,1
20130912_113200,13.0,2013-09-12T11:32:00Z,-73.98206,40.772705,-73.956213,40.771777,1
20100410_165600,5.7,2010-04-10T16:56:00Z,-73.966422,40.767587,-73.973363,40.75827,2
20141115_131256,8.0,2014-11-15T13:12:56Z,-74.005382,40.749044,-73.99412,40.761185,1
20150520_202935,20.5,2015-05-20T20:29:35Z,-74.0115966796875,40.70290756225585,-73.97222900390625,40.763145446777344,2
20111016_113746,9.3,2011-10-16T11:37:46Z,-73.9927,40.7372,-73.9683,40.7624,1
20111021_081849,8.5,2011-10-21T08:18:49Z,-73.990387,40.73118,-74.0021,40.70805,2
20120324_221300,8.1,2012-03-24T22:13:00Z,-73.990138,40.740232,-73.99523,40.718407,1
20131209_091600,5.0,2013-12-09T09:16:00Z,-73.98061700000002,40.74487,-73.98711,40.749577,5
20090116_055800,5.3,2009-01-16T05:58:00Z,-73.99201,40.755538,-73.99795999999998,40.755995,5
20100421_133900,5.3,2010-04-21T13:39:00Z,-73.988323,40.722913,-74.002315,40.729572,1
20110701_082400,6.9,2011-07-01T08:24:00Z,-73.982628,40.771032,-73.984127,40.748062,2
20141021_070406,8.5,2014-10-21T07:04:06Z,-73.948403,40.78258,-73.968905,40.787675,1
20120702_084333,6.5,2012-07-02T08:43:33Z,-73.975256,40.756147,-73.960543,40.775509,1
20120915_021700,29.0,2012-09-15T02:17:00Z,-74.00324,40.733577,-73.94855,40.723342,1
20140129_224100,21.0,2014-01-29T22:41:00Z,-73.978553,40.766717,-74.016195,40.711052,6
20090102_101346,14.5,2009-01-02T10:13:46Z,-73.94704300000002,40.780107,-73.989034,40.751587,2
20090912_105600,32.9,2009-09-12T10:56:00Z,-73.982762,40.76900300000001,-73.87262,40.774533,1
20110517_075319,6.1,2011-05-17T07:53:19Z,-73.97829200000002,40.782962,-73.961085,40.806684,1
20131107_101935,13.0,2013-11-07T10:19:35Z,-73.985802,40.77747700000001,-73.987414,40.754369,1
20140711_122443,15.0,2014-07-11T12:24:43Z,-73.9942,40.751005,-73.97559,40.759188,1
20100203_143329,4.9,2010-02-03T14:33:29Z,-73.968848,40.759129,-73.976118,40.765747,1
20101111_211800,8.9,2010-11-11T21:18:00Z,-73.981872,40.760252,-74.00223199999998,40.740567,5
20120405_201903,8.1,2012-04-05T20:19:03Z,-73.993127,40.736777,-74.010699,40.720116,1
20130430_162536,6.0,2013-04-30T16:25:36Z,-73.986575,40.75505,-73.980971,40.765857,1
20140512_233100,57.33,2014-05-12T23:31:00Z,-73.79025,40.643705,-74.00227,40.734542,1
20140520_131500,8.0,2014-05-20T13:15:00Z,-73.974292,40.793455,-73.978205,40.778272,1
20091128_171200,8.5,2009-11-28T17:12:00Z,-73.959937,40.780397,-73.974948,40.798193,1
20100131_152108,8.9,2010-01-31T15:21:08Z,-73.976061,40.75818,-73.948436,40.78255,1
20100806_092900,10.5,2010-08-06T09:29:00Z,-73.96500999999998,40.769925,-73.968125,40.778048,5
20100908_151400,10.1,2010-09-08T15:14:00Z,-74.010347,40.720153,-73.99492,40.769032,2
20111115_130750,49.8,2011-11-15T13:07:50Z,-73.983851,40.761851,-73.783129,40.643785,3
20150201_172459,5.0,2015-02-01T17:24:59Z,-73.98371124267578,40.74961853027344,-73.99261474609375,40.74286651611328,1
20150216_171244,6.0,2015-02-16T17:12:44Z,-73.9576187133789,40.76677322387695,-73.95582580566406,40.77876663208008,1
20100226_235600,13.3,2010-02-26T23:56:00Z,-73.99771,40.756485,-73.98751800000002,40.721337,1
20150409_072046,7.0,2015-04-09T07:20:46Z,-73.9783477783203,40.76491165161133,-73.98352813720702,40.76810836791992,1
20120328_130920,10.5,2012-03-28T13:09:20Z,-73.99973299999998,40.73322,-73.985659,40.759156,2
20121221_131000,56.8,2012-12-21T13:10:00Z,-73.978817,40.761517,-73.78925500000003,40.642677,1
20131204_181300,14.5,2013-12-04T18:13:00Z,-73.984045,40.748432,-74.00975799999998,40.722695,1
20101125_225400,11.3,2010-11-25T22:54:00Z,-74.005448,40.725823,-74.005942,40.725048,2
20110114_172212,6.5,2011-01-14T17:22:12Z,-73.970799,40.751642,-73.980333,40.748303,1
20110602_140400,5.7,2011-06-02T14:04:00Z,-73.99171,40.73190200000001,-73.97907,40.745213,1
20130502_012200,13.0,2013-05-02T01:22:00Z,-73.961407,40.716362,-73.994242,40.694847,1
20140703_013400,22.0,2014-07-03T01:34:00Z,-73.968087,40.75514,-73.95262199999998,40.823312,5
20111110_000907,18.5,2011-11-10T00:09:07Z,-73.980992,40.744531,-73.94847800000002,40.778086,1
20120617_180812,14.1,2012-06-17T18:08:12Z,-73.957312,40.776963,-73.990408,40.751271,2
20100109_212855,4.5,2010-01-09T21:28:55Z,-73.952804,40.782491,-73.961038,40.774978,2
20140720_114933,24.0,2014-07-20T11:49:33Z,-73.874483,40.774095,-73.967098,40.711603,1
20100116_135813,25.7,2010-01-16T13:58:13Z,-73.979952,40.726656,-73.951914,40.813041,1
20110830_100903,3.3,2011-08-30T10:09:03Z,-73.998082,40.741128,-73.993909,40.739392,1
20120326_054715,8.5,2012-03-26T05:47:15Z,-73.954353,40.779059,-73.985525,40.755313,1
20100731_220038,5.3,2010-07-31T22:00:38Z,-74.003192,40.732796,-73.999881,40.719227,1
20110612_014800,4.5,2011-06-12T01:48:00Z,-73.982442,40.742135,-73.99249499999998,40.738278,1
20090111_225000,3.7,2009-01-11T22:50:00Z,-73.987127,40.733377,-73.98135500000002,40.74125,2
20110726_115641,8.1,2011-07-26T11:56:41Z,-73.976809,40.775044,-73.96797600000002,40.762807,1
20100803_145800,16.1,2010-08-03T14:58:00Z,-74.00461,40.716322,-74.003732,40.658428,2
20110522_003032,12.9,2011-05-22T00:30:32Z,-73.97974599999998,40.78100900000001,-73.980523,40.738272,1
20110820_134033,8.1,2011-08-20T13:40:33Z,-73.989393,40.726381,-73.997417,40.714365,2
20130314_111300,9.5,2013-03-14T11:13:00Z,-73.957788,40.781995,-73.96262,40.764742,1
20140902_000200,23.5,2014-09-02T00:02:00Z,-73.94414499999998,40.702737,-73.913985,40.77846,2
20090222_224800,2.5,2009-02-22T22:48:00Z,0.0,0.0,-74.005433,40.726685,2
20090328_200513,11.0,2009-03-28T20:05:13Z,-73.95822,40.768717,-73.98931400000002,40.739968,1
20111010_183134,6.1,2011-10-10T18:31:34Z,-73.984847,40.761632,-73.965846,40.754548,2
20140713_111500,28.0,2014-07-13T11:15:00Z,-73.87093,40.773787,-73.966003,40.755425,1
20140723_084200,10.0,2014-07-23T08:42:00Z,-73.99276,40.751162,-73.98098,40.752827,1
20090403_115800,10.1,2009-04-03T11:58:00Z,-73.987997,40.737872,-73.98858299999998,40.757525,1
20110430_041500,7.7,2011-04-30T04:15:00Z,-73.982377,40.739743,-73.959688,40.758598,5
20140326_224623,8.0,2014-03-26T22:46:23Z,-73.976248,40.760885,-73.991236,40.750376,1
20090716_180400,6.1,2009-07-16T18:04:00Z,-73.95343199999998,40.766765,-73.968447,40.7649,1
20120913_113100,20.5,2012-09-13T11:31:00Z,-73.98646,40.751527,-73.95373199999997,40.787725,1
20131119_103800,9.5,2013-11-19T10:38:00Z,-74.003197,40.744075,-74.00067,40.726062,1
20140214_055536,7.0,2014-02-14T05:55:36Z,-73.95893000000002,40.763626,-73.973753,40.759813,1
20110713_073200,8.5,2011-07-13T07:32:00Z,-73.98732,40.738957,-74.004458,40.707322,1
20140530_214434,7.5,2014-05-30T21:44:34Z,-73.964127,40.792641,-73.979984,40.782037,2
20150622_190441,11.5,2015-06-22T19:04:41Z,-73.95744323730467,40.76170349121094,-73.97323608398438,40.78707885742188,1
20100429_082700,7.7,2010-04-29T08:27:00Z,-73.998418,40.735472,-74.01432,40.713072,1
20111214_204700,6.1,2011-12-14T20:47:00Z,-73.978192,40.745775,-73.975422,40.73007,2
20120902_230900,38.5,2012-09-02T23:09:00Z,-73.977473,40.746538,-73.851405,40.689473,2
20150528_115651,11.5,2015-05-28T11:56:51Z,-73.9819564819336,40.767921447753906,-73.97608947753906,40.795188903808594,2
20120924_230715,6.0,2012-09-24T23:07:15Z,-73.980914,40.779513,-73.970524,40.796703,1
20130502_185925,17.0,2013-05-02T18:59:25Z,-74.016361,40.71285200000001,-73.984364,40.729531,1
20140815_212400,7.5,2014-08-15T21:24:00Z,-73.988477,40.739202,-74.001812,40.740582,1
20150516_113357,5.5,2015-05-16T11:33:57Z,-73.97361755371094,40.78464126586913,-73.97045135498048,40.796119689941406,1
20110320_172500,6.9,2011-03-20T17:25:00Z,-73.979605,40.752025,-73.993742,40.756685,1
20130215_121300,3.0,2013-02-15T12:13:00Z,-73.994313,40.735362,-73.997212,40.73681,1
20140303_190342,12.5,2014-03-03T19:03:42Z,-73.99888100000003,40.734511,-73.97134100000002,40.760929,1
20090316_044717,17.0,2009-03-16T04:47:17Z,0.0,0.0,0.0,0.0,1
20121130_110200,38.8,2012-11-30T11:02:00Z,-73.97462,40.756922,-73.864002,40.767872,1
20130310_041200,6.0,2013-03-10T04:12:00Z,-74.000405,40.71857,-74.00004,40.726592,1
20140618_073820,6.5,2014-06-18T07:38:20Z,-73.980695,40.742047,-73.97293,40.759006,1
20140801_015900,14.5,2014-08-01T01:59:00Z,-73.97756700000002,40.778957,-73.991272,40.72782,1
20100119_011000,2.5,2010-01-19T01:10:00Z,-73.99871999999998,40.624708,-73.99871999999998,40.624708,1
20090410_173200,4.1,2009-04-10T17:32:00Z,-73.993962,40.735152,-74.00358,40.732207,1
20100821_142257,13.3,2010-08-21T14:22:57Z,-74.005752,40.717735,-73.962639,40.766952,2
20121208_232700,6.0,2012-12-08T23:27:00Z,-74.003502,40.738745,-73.993317,40.752022,3
20130116_164000,6.5,2013-01-16T16:40:00Z,-73.987437,40.738262,-73.975865,40.74594,1
20130325_113232,12.5,2013-03-25T11:32:32Z,-74.00654499999997,40.716519,-73.993427,40.752308,1
20140509_125500,21.5,2014-05-09T12:55:00Z,-73.965747,40.77121,-74.005188,40.729157,1
20101023_183900,49.57,2010-10-23T18:39:00Z,-73.78221500000002,40.644272,-73.782217,40.64427,2
20101113_043800,38.1,2010-11-13T04:38:00Z,-74.00761,40.725875,-73.867393,40.859275,1
20110710_020808,10.1,2011-07-10T02:08:08Z,-73.993027,40.725563,-73.958591,40.717069,1
20100428_185800,4.5,2010-04-28T18:58:00Z,-73.966902,40.76209,-73.972658,40.761098,1
20111217_135300,5.3,2011-12-17T13:53:00Z,-73.98788499999998,40.749152,-73.975165,40.759095,3
20131031_234400,8.0,2013-10-31T23:44:00Z,-74.00497800000002,40.719012,-74.006807,40.706832,1
20090730_212421,7.7,2009-07-30T21:24:21Z,-73.99955600000001,40.738662,-73.97940899999998,40.727603,1
20121001_090200,7.5,2012-10-01T09:02:00Z,-73.986717,40.76152,-73.968675,40.796662,2
20150317_133023,5.5,2015-03-17T13:30:23Z,-73.95622253417969,40.78130722045898,-73.95951080322266,40.77655029296875,1
20090301_183749,7.7,2009-03-01T18:37:49Z,-73.99763100000001,40.724238,-74.009196,40.710869,1
20100212_213003,8.1,2010-02-12T21:30:03Z,-73.978894,40.763859,-73.946947,40.779657,1
20140712_131734,5.5,2014-07-12T13:17:34Z,-73.976995,40.763962,-73.978033,40.757489,1
20150613_071910,6.5,2015-06-13T07:19:10Z,-73.98194122314453,40.74060821533203,-73.99118041992188,40.74890899658203,1
20130806_232446,4.5,2013-08-06T23:24:46Z,-73.99758,40.729132,-73.991998,40.725226,1
20130924_182352,7.0,2013-09-24T18:23:52Z,-73.945542,40.774462,-73.957452,40.783008,1
20140219_124800,17.5,2014-02-19T12:48:00Z,-73.96175699999998,40.76281,-73.999328,40.7493,1
20110213_144857,4.9,2011-02-13T14:48:57Z,-73.96498000000003,40.759943,-73.971154,40.764252,2
20130601_125300,6.0,2013-06-01T12:53:00Z,-73.96396700000003,40.808232,-73.972693,40.793455,1
20100311_205900,4.5,2010-03-11T20:59:00Z,-73.99303,40.762935,-73.99059,40.757643,5
20140922_115800,10.5,2014-09-22T11:58:00Z,-73.97248,40.784842,-73.954747,40.775662,1
20100217_225100,8.9,2010-02-17T22:51:00Z,-74.005798,40.741247,-74.01719,40.705187,1
20100228_165600,6.1,2010-02-28T16:56:00Z,-74.00186,40.737772,-74.009763,40.714795,5
20100807_134600,14.5,2010-08-07T13:46:00Z,-74.002285,40.73961,-73.95275699999998,40.779637,1
20101023_121131,6.1,2010-10-23T12:11:31Z,-73.993656,40.74735,-73.982864,40.742636,2
20120315_234800,5.7,2012-03-15T23:48:00Z,-73.954327,40.764005,-73.95615500000002,40.775967,1
20130113_133800,8.0,2013-01-13T13:38:00Z,-73.98964699999998,40.74729,-73.985648,40.735408,5
20130525_154629,5.5,2013-05-25T15:46:29Z,-73.963307,40.798379,-73.97504,40.78278,1
20140910_120901,52.0,2014-09-10T12:09:01Z,-73.985722,40.749696,-73.973577,40.74901,1
20110418_115800,49.8,2011-04-18T11:58:00Z,-73.972822,40.793295,-73.782862,40.64395,2
20120422_171000,49.8,2012-04-22T17:10:00Z,-73.95403,40.74158,-73.995527,40.742962,1
20131029_010914,16.0,2013-10-29T01:09:14Z,0.0,0.0,0.0,0.0,1
20140707_135200,16.5,2014-07-07T13:52:00Z,-73.979962,40.759952,-73.99467,40.723662,1
20091229_142300,4.5,2009-12-29T14:23:00Z,0.0,0.0,0.0,0.0,1
20100416_170200,11.3,2010-04-16T17:02:00Z,-73.972412,40.78123,-73.989187,40.758375,5
20121110_123700,10.0,2012-11-10T12:37:00Z,-73.947073,40.779932,-73.96799,40.765642,2
20121111_031200,16.5,2012-11-11T03:12:00Z,-74.003815,40.743057,-73.948877,40.778277,1
20090913_124743,8.9,2009-09-13T12:47:43Z,-73.996439,40.725517,-73.976375,40.751634,2
20110222_133500,6.9,2011-02-22T13:35:00Z,-73.971638,40.763382,-73.953767,40.783715,1
20130122_232629,5.0,2013-01-22T23:26:29Z,-73.921155,40.766861,-73.91318100000002,40.76518400000001,1
20140601_022400,4.0,2014-06-01T02:24:00Z,-73.99199200000002,40.714875,-73.997173,40.714412,1
20090318_090200,5.7,2009-03-18T09:02:00Z,-73.977655,40.748835,-73.991915,40.754223,1
20110422_090209,2.9,2011-04-22T09:02:09Z,-73.964774,40.772788,-73.963266,40.774752,1
20121017_053500,52.0,2012-10-17T05:35:00Z,-73.789985,40.646382,-74.03497,40.611455,1
20130721_112200,10.5,2013-07-21T11:22:00Z,-73.959742,40.773777,-73.98817700000002,40.748772,1
20130805_150842,38.83,2013-08-05T15:08:42Z,-73.97881,40.764147,-73.86535,40.770732,3
20130917_212100,4.5,2013-09-17T21:21:00Z,-74.000125,40.747762,-74.005557,40.73871,5
20141025_021635,7.0,2014-10-25T02:16:35Z,-73.99231800000003,40.724933,-73.981101,40.741954,1
20100203_205129,12.9,2010-02-03T20:51:29Z,-73.95419100000002,40.764029,-73.91804300000003,40.766876,1
20110320_213921,7.3,2011-03-20T21:39:21Z,-73.978279,40.724843,-74.00277,40.723674,2
20110408_232949,4.9,2011-04-08T23:29:49Z,-73.985125,40.74187,-73.996269,40.73797800000001,1
20130422_105253,5.5,2013-04-22T10:52:53Z,-73.983752,40.737981,-73.975042,40.748834,1
20130731_104900,13.5,2013-07-31T10:49:00Z,-73.963305,40.757785,-73.945842,40.781722,1
20140501_142000,22.0,2014-05-01T14:20:00Z,-74.016847,40.704765,-73.975607,40.74896500000001,1
20140805_204620,11.0,2014-08-05T20:46:20Z,-73.873207,40.774149,-73.920299,40.764046,1
20090129_204903,5.0,2009-01-29T20:49:03Z,-73.995414,40.733265,-73.99147099999998,40.727619,1
20101224_191407,9.7,2010-12-24T19:14:07Z,-74.008163,40.73873,-73.9903,40.767205,1
20120128_213318,4.9,2012-01-28T21:33:18Z,-73.955322,40.78284,-73.955797,40.773673,0
20130419_230547,9.5,2013-04-19T23:05:47Z,-74.004614,40.724284,-73.977553,40.746468,1
20141008_064918,6.5,2014-10-08T06:49:18Z,0.0,0.0,0.0,0.0,1
20150616_142822,8.5,2015-06-16T14:28:22Z,-73.95664978027344,40.77500915527344,-73.96678924560547,40.76708221435547,6
20120921_140449,5.5,2012-09-21T14:04:49Z,-73.98101,40.78174,-73.989225,40.77622,1
20140617_224800,10.5,2014-06-17T22:48:00Z,-73.978015,40.75992700000001,-73.956005,40.768142,1
20090106_223000,4.5,2009-01-06T22:30:00Z,-73.998965,40.73831,-73.997162,40.747027,2
20091231_222700,4.9,2009-12-31T22:27:00Z,-73.99695799999998,40.722988,-74.00580699999998,40.726383,5
20100702_165845,7.3,2010-07-02T16:58:45Z,-73.978321,40.753844,-73.982309,40.777037,1
20110202_075221,5.3,2011-02-02T07:52:21Z,-74.006924,40.703967,-74.01299499999998,40.705742,1
20110204_184306,14.1,2011-02-04T18:43:06Z,-74.00360500000002,40.720436,-73.985766,40.759837,1
20140602_083114,6.5,2014-06-02T08:31:14Z,-73.966418,40.770348,-73.955528,40.76583,1
20100325_102000,3.7,2010-03-25T10:20:00Z,-73.99444799999998,40.690077,-73.98864300000002,40.693565,3
20120224_184400,11.7,2012-02-24T18:44:00Z,-73.95399599999998,40.770532,-73.986594,40.742354,1
20140104_211100,9.0,2014-01-04T21:11:00Z,-73.97764000000002,40.752347,-73.970392,40.768867,2
20090408_085200,10.1,2009-04-08T08:52:00Z,-73.97435300000002,40.763542,-73.990128,40.732237,1
20120217_081400,49.8,2012-02-17T08:14:00Z,-73.788127,40.647295,-73.978957,40.756305,5
20120418_190800,8.1,2012-04-18T19:08:00Z,-74.000338,40.717538,-74.00771,40.705213,1
20090511_081613,7.3,2009-05-11T08:16:13Z,-73.968412,40.786347,-73.952285,40.789819,1
20110516_231043,5.7,2011-05-16T23:10:43Z,-73.984797,40.763133,-73.975928,40.765276,2
20111203_205600,10.5,2011-12-03T20:56:00Z,-74.001972,40.734998,-73.981498,40.743742,1
20120323_191300,8.1,2012-03-23T19:13:00Z,-73.962563,40.79985,-73.98419,40.770172,5
20120919_092256,28.5,2012-09-19T09:22:56Z,-73.952827,40.772524,-74.000287,40.75857,1
20100416_191200,14.9,2010-04-16T19:12:00Z,-73.982682,40.775085,-74.00731,40.741228,2
20111025_141900,13.7,2011-10-25T14:19:00Z,-73.96430699999998,40.773437,-73.989902,40.735977,1
20120316_180235,7.3,2012-03-16T18:02:35Z,-73.981596,40.769859,-73.9746,40.760504,1
20140328_070326,5.5,2014-03-28T07:03:26Z,-73.968589,40.75909,-73.97673,40.759161,1
20131204_084406,11.5,2013-12-04T08:44:06Z,-73.982061,40.775128,-73.97495699999997,40.759715,1
20150114_205403,8.0,2015-01-14T20:54:03Z,-73.9760208129883,40.7550163269043,-73.99665069580078,40.76326370239258,1
20090109_144124,4.9,2009-01-09T14:41:24Z,-73.958259,40.768903,-73.95474399999998,40.779351,1
20100420_213900,3.7,2010-04-20T21:39:00Z,-73.987802,40.752183,-73.985067,40.747572,1
20121224_231200,13.5,2012-12-24T23:12:00Z,-73.973522,40.792337,-73.942002,40.822752,5
20110301_085300,10.5,2011-03-01T08:53:00Z,-74.006277,40.73306,-73.977088,40.771765,1
20140515_182300,10.0,2014-05-15T18:23:00Z,-73.962393,40.778807,-73.97950300000002,40.771362,2
20140812_031151,11.5,2014-08-12T03:11:51Z,-74.00406,40.741953,-73.97998199999998,40.762617,2
20140903_180800,16.0,2014-09-03T18:08:00Z,-74.00695999999998,40.75149,-74.00058,40.7211,1
20090725_154218,8.9,2009-07-25T15:42:18Z,-73.957668,40.77933,-73.983479,40.76042,2
20121114_171900,4.5,2012-11-14T17:19:00Z,-73.981177,40.779345,-73.973628,40.789612,1
20140504_173029,9.5,2014-05-04T17:30:29Z,-74.005328,40.721161,-73.984595,40.742348,1
20100120_112100,5.3,2010-01-20T11:21:00Z,-74.010468,40.703142,-73.999873,40.71414,5
20100427_060437,4.1,2010-04-27T06:04:37Z,-73.961373,40.760497,-73.954164,40.764079,1
20110303_074059,8.1,2011-03-03T07:40:59Z,-74.007816,40.733536,-73.98655600000002,40.74004,1
20111216_084000,18.1,2011-12-16T08:40:00Z,-74.007673,40.705285,-73.974562,40.763668,1
20120710_131307,9.7,2012-07-10T13:13:07Z,-73.991003,40.733332,-73.986998,40.747792,1
20121022_104300,6.0,2012-10-22T10:43:00Z,-73.96865799999998,40.77030300000001,-73.982578,40.77470200000001,1
20140212_080410,5.0,2014-02-12T08:04:10Z,-73.96656800000002,40.795888,-73.970033,40.787512,1
20120130_132500,6.9,2012-01-30T13:25:00Z,-73.983952,40.74928,-73.97778000000002,40.737878,2
20140425_193749,14.5,2014-04-25T19:37:49Z,-73.97986999999998,40.765709,-74.001389,40.73630900000001,1
20091107_141300,14.1,2009-11-07T14:13:00Z,-74.010005,40.771582,-74.003845,40.75982,1
20120815_212338,6.9,2012-08-15T21:23:38Z,-74.002667,40.734013,-73.988277,40.72334,1
20131005_202451,16.0,2013-10-05T20:24:51Z,-73.794116,40.657058,-73.79413199999998,40.65703900000001,1
20150622_015424,6.5,2015-06-22T01:54:24Z,-74.00007629394531,40.72861099243164,-73.98873138427734,40.72217178344727,6
20100907_022500,3.3,2010-09-07T02:25:00Z,-73.982188,40.776687,-73.97464699999998,40.784025,1
20110613_105934,6.5,2011-06-13T10:59:34Z,-73.976504,40.757149,-73.988537,40.759387,2
20130411_091400,5.0,2013-04-11T09:14:00Z,-73.99292,40.737055,-74.00156199999998,40.738412,2
20110716_061200,6.1,2011-07-16T06:12:00Z,-73.999728,40.733533,-73.984657,40.755913,1
20141118_091900,57.33,2014-11-18T09:19:00Z,-73.77672,40.645412,-73.978832,40.774932,1
20091126_183600,5.3,2009-11-26T18:36:00Z,-73.97712,40.759838,-73.981875,40.745338,1
20110408_172513,10.9,2011-04-08T17:25:13Z,-73.99233199999998,40.748792,-73.966374,40.760099,3
20111112_020404,4.1,2011-11-12T02:04:04Z,-73.992253,40.763919,-73.99123,40.757765,1
20120430_191900,11.3,2012-04-30T19:19:00Z,-73.969548,40.800192,-73.97999300000002,40.76463,5
20130925_144700,5.5,2013-09-25T14:47:00Z,-74.003637,40.747477,-73.99989000000002,40.740652,1
20140117_223339,10.0,2014-01-17T22:33:39Z,-73.984235,40.75501,-73.955425,40.781094,1
20140805_164000,4.0,2014-08-05T16:40:00Z,-73.954767,40.78389,-73.958958,40.780905,1
20090110_162800,2.9,2009-01-10T16:28:00Z,-73.977417,40.75765300000001,-73.97460699999998,40.756757,1
20110108_163500,6.9,2011-01-08T16:35:00Z,-73.966327,40.761268,-73.98294,40.776795,1
20110420_224700,8.9,2011-04-20T22:47:00Z,-73.98913,40.756668,-73.96106999999998,40.757225,2
20130121_190858,4.5,2013-01-21T19:08:58Z,-73.990909,40.739949,-73.99385600000002,40.732722,1
20130913_114400,4.5,2013-09-13T11:44:00Z,-73.965037,40.761717,-73.96807700000002,40.763042,5
20111105_234358,12.9,2011-11-05T23:43:58Z,-73.966769,40.76412,-73.96497,40.806619,1
20100626_084946,5.3,2010-06-26T08:49:46Z,-73.977092,40.776832,-73.98598299999998,40.762642,2
20100706_170932,6.9,2010-07-06T17:09:32Z,-73.988254,40.74895,-73.98705,40.73367800000001,1
20100930_075600,16.1,2010-09-30T07:56:00Z,-73.98658499999998,40.725585,-73.936913,40.793967,5
20111123_175800,26.9,2011-11-23T17:58:00Z,-73.874558,40.774082,-73.96394000000002,40.76601,1
20130215_173600,6.0,2013-02-15T17:36:00Z,-74.00241700000002,40.728325,-73.991863,40.744282,1
20140630_112637,6.0,2014-06-30T11:26:37Z,-73.995635,40.744387,-74.002325,40.730406,1
20141011_193026,14.5,2014-10-11T19:30:26Z,-73.985221,40.763296,-73.96557,40.760494,2
20110509_222735,3.3,2011-05-09T22:27:35Z,-74.004287,40.72194,-73.998599,40.722939,1
20110621_194746,9.7,2011-06-21T19:47:46Z,-73.99703199999998,40.722398,-73.98433,40.754394,1
20120729_152745,4.5,2012-07-29T15:27:45Z,-73.977092,40.75848,-73.968008,40.762297,2
20121112_175946,15.5,2012-11-12T17:59:46Z,-73.964517,40.767404,-74.003496,40.741095,1
20140709_145100,15.5,2014-07-09T14:51:00Z,-73.975655,40.792012,-73.951775,40.769527,1
20150314_221901,14.0,2015-03-14T22:19:01Z,-73.94877624511719,40.782493591308594,-73.9822006225586,40.75661087036133,2
20090919_103441,66.3,2009-09-19T10:34:41Z,-74.438233,40.99326,-74.185996,40.693874,2
20101007_210935,14.1,2010-10-07T21:09:35Z,-74.00354499999997,40.707399,-73.981312,40.75007100000001,1
20101104_174953,18.5,2010-11-04T17:49:53Z,-73.98711800000002,40.73596,-73.95640999999998,40.78090200000001,2
20110415_185548,12.1,2011-04-15T18:55:48Z,-73.983423,40.7613,-74.009493,40.74775,1
20120302_131300,11.7,2012-03-02T13:13:00Z,-73.96669,40.765072,-73.978243,40.791957,1
20121124_095900,3.5,2012-11-24T09:59:00Z,-73.97093199999998,40.788492,-73.973835,40.79204,1
20140905_004801,10.5,2014-09-05T00:48:01Z,-74.00344,40.743554,-73.974042,40.750274,3
20140407_074150,20.5,2014-04-07T07:41:50Z,-74.016064,40.711575,-73.983339,40.760979,1
20090825_015021,2.5,2009-08-25T01:50:21Z,-73.98640999999998,40.76335,-73.98640999999998,40.76335,1
20130417_182715,21.0,2013-04-17T18:27:15Z,-73.97720799999998,40.733786,-73.978238,40.686617,1
20140929_143400,9.5,2014-09-29T14:34:00Z,-73.969977,40.765472,-73.95734,40.783072,6
20100818_034600,13.3,2010-08-18T03:46:00Z,0.0,0.0,0.0,0.0,5
20101224_223400,8.9,2010-12-24T22:34:00Z,-73.978465,40.758843,-74.004952,40.737495,2
20110630_080814,10.5,2011-06-30T08:08:14Z,-73.959055,40.814999,-73.95787800000002,40.778607,1
20130311_094226,4.5,2013-03-11T09:42:26Z,-74.008646,40.735048,-74.006229,40.725949,1
20141007_150206,24.5,2014-10-07T15:02:06Z,-73.97926899999999,40.761886,-74.002076,40.724702,1
20150405_005456,27.0,2015-04-05T00:54:56Z,-73.98755645751955,40.73367309570313,-73.95068359375,40.823066711425774,1
20110715_114900,8.5,2011-07-15T11:49:00Z,-73.978135,40.73074,-73.977188,40.752542,1
20140625_230856,9.0,2014-06-25T23:08:56Z,-73.97786500000002,40.784274,-73.962362,40.767125,2
20141030_231900,9.5,2014-10-30T23:19:00Z,-73.952838,40.786623,-73.957865,40.765458,1
20100615_150700,6.5,2010-06-15T15:07:00Z,-73.95888199999997,40.709567,-73.98527,40.718643,1
20120108_021000,19.7,2012-01-08T02:10:00Z,-73.987122,40.73655,-73.90265699999998,40.769043,2
20120830_181713,30.9,2012-08-30T18:17:13Z,-73.978438,40.737,-73.86484200000002,40.770393,2
20130729_221922,8.5,2013-07-29T22:19:22Z,-73.983246,40.750915,-74.00603199999998,40.735215,1
20090927_064800,6.5,2009-09-27T06:48:00Z,-73.994017,40.761638,-73.985845,40.744387,1
20100507_200500,14.9,2010-05-07T20:05:00Z,-73.968212,40.762212,-73.919958,40.755087,2
20120321_052708,16.1,2012-03-21T05:27:08Z,-73.97035699999998,40.789113,-74.01169499999997,40.707435,1
20130412_195722,5.5,2013-04-12T19:57:22Z,-73.789203,40.655194,-73.996509,40.737216,1
20130919_235808,20.5,2013-09-19T23:58:08Z,-73.989813,40.747356,-73.92714699999998,40.762732,1
20120227_072420,6.5,2012-02-27T07:24:20Z,-73.983397,40.738183,-73.971395,40.758023,0
20130913_070317,5.0,2013-09-13T07:03:17Z,-73.977487,40.763365,-73.983377,40.7547,1
20140104_084324,5.0,2014-01-04T08:43:24Z,-73.98573,40.7681,-73.981444,40.778745,1
20140421_133303,16.5,2014-04-21T13:33:03Z,-74.006602,40.744235,-73.979251,40.751236,1
20150228_075005,16.0,2015-02-28T07:50:05Z,-73.95174407958984,40.772056579589844,-73.94265747070312,40.74713516235352,5
20100808_131213,10.9,2010-08-08T13:12:13Z,-73.977385,40.758089,-74.001467,40.720059,4
20120221_121311,16.5,2012-02-21T12:13:11Z,-74.010894,40.714426,-73.98337,40.756248,1
20130727_232000,20.5,2013-07-27T23:20:00Z,-73.98441,40.716667,-73.92223800000002,40.767287,6
20111202_195013,7.3,2011-12-02T19:50:13Z,-73.9594,40.7703,-73.9663,40.7606,1
20150627_220657,9.0,2015-06-27T22:06:57Z,-73.99384307861328,40.714691162109375,-73.9970703125,40.71773147583008,3
20140314_000500,15.5,2014-03-14T00:05:00Z,-73.997507,40.721777,-74.000732,40.676375,1
20140819_165248,5.0,2014-08-19T16:52:48Z,-73.995087,40.760146,-73.982215,40.763185,1
20140930_161300,57.33,2014-09-30T16:13:00Z,-74.00775,40.741277,-73.79029200000002,40.64676,2
20090707_001938,10.5,2009-07-07T00:19:38Z,-73.97998199999998,40.762695,-73.96255699999998,40.804685,1
20130802_201213,9.5,2013-08-02T20:12:13Z,-74.008117,40.748635,-74.01037,40.718968,3
20090330_105600,4.1,2009-03-30T10:56:00Z,-73.99093,40.76560300000001,-73.982563,40.77027,1
20111201_153824,12.1,2011-12-01T15:38:24Z,-73.959546,40.767462,-73.993107,40.75767000000001,2
20131124_205400,7.0,2013-11-24T20:54:00Z,-73.971542,40.750487,-73.988967,40.72994,1
20100415_211239,4.9,2010-04-15T21:12:39Z,-73.97855600000003,40.724624,-73.988157,40.722875,1
20101208_081400,4.9,2010-12-08T08:14:00Z,-73.97930699999998,40.752832,-73.978403,40.758903,1
20130515_165645,11.0,2013-05-15T16:56:45Z,-73.979658,40.758764,-73.95657,40.76810800000001,1
20130711_211000,5.5,2013-07-11T21:10:00Z,-73.97800699999998,40.74581,-73.98425,40.73341,2
20130731_093100,7.0,2013-07-31T09:31:00Z,-73.9894,40.756855,-73.992802,40.768222,1
20100322_145945,3.7,2010-03-22T14:59:45Z,-73.961353,40.765069,-73.96051999999997,40.769931,1
20111221_214017,6.5,2011-12-21T21:40:17Z,-74.0098,40.7205,-74.009,40.7408,4
20120521_113742,15.3,2012-05-21T11:37:42Z,-73.99217,40.76432,-73.96621400000002,40.762562,1
20140821_124024,38.33,2014-08-21T12:40:24Z,-73.977151,40.776857,-73.861551,40.768274,1
20121010_124054,6.5,2012-10-10T12:40:54Z,-73.98075899999998,40.680705,-73.989813,40.690149,1
20130104_170626,17.0,2013-01-04T17:06:26Z,-74.001311,40.75699,-73.948801,40.797008,1
20091112_083300,10.1,2009-11-12T08:33:00Z,-74.00095999999998,40.731835,-73.97434200000002,40.751058,1
20110216_120200,18.9,2011-02-16T12:02:00Z,-74.010163,40.708902,-73.987847,40.749225,5
20120709_075434,38.5,2012-07-09T07:54:34Z,-73.86256800000002,40.76906500000001,-74.008287,40.705275,1
20130311_093100,8.5,2013-03-11T09:31:00Z,-73.983518,40.748147,-73.98987,40.725757,1
20141106_231000,7.0,2014-11-06T23:10:00Z,-73.97173000000002,40.75715,-73.98541,40.747,1
20141213_183700,8.5,2014-12-13T18:37:00Z,-73.983267,40.741622,-74.001337,40.731072,1
20090127_115516,7.7,2009-01-27T11:55:16Z,-73.991197,40.751257,-73.975178,40.750687,1
20101203_220847,5.7,2010-12-03T22:08:47Z,-74.0029,40.760422,-73.988729,40.761702,2
20131214_020400,4.5,2013-12-14T02:04:00Z,-73.98384,40.72957,-73.989737,40.725755,2
20120312_065720,7.7,2012-03-12T06:57:20Z,-73.957788,40.761912,-73.97675699999998,40.75214,1
20130117_234216,45.0,2013-01-17T23:42:16Z,-73.999081,40.754489,-73.863401,40.667613,1
20130525_024255,8.0,2013-05-25T02:42:55Z,-73.99563,40.720941,-73.961689,40.709743,2
20090826_155953,4.5,2009-08-26T15:59:53Z,-73.991315,40.75118300000001,-74.003637,40.753584,1
20120118_135200,5.7,2012-01-18T13:52:00Z,-73.978617,40.748468,-73.97588499999998,40.75505,2
20100417_234340,9.7,2010-04-17T23:43:40Z,-74.00209699999998,40.734732,-73.972335,40.756477,2
20101031_011241,10.9,2010-10-31T01:12:41Z,-74.005771,40.736004,-73.989396,40.718013,1
20101110_164400,5.7,2010-11-10T16:44:00Z,-74.00721999999998,40.727557,-73.994682,40.750242,1
20140118_230300,4.0,2014-01-18T23:03:00Z,-74.005432,40.736957,-73.99864000000002,40.744997,1
20090820_132500,4.9,2009-08-20T13:25:00Z,-73.989897,40.750725,-73.988952,40.755345,3
20091001_064342,31.2,2009-10-01T06:43:42Z,-73.975427,40.757116,-73.86509000000002,40.770561,1
20091006_182414,13.3,2009-10-06T18:24:14Z,-73.98769899999998,40.757444,-73.99664399999997,40.719542,1
20100213_015211,11.7,2010-02-13T01:52:11Z,0.0,0.0,0.0,0.0,1
20110509_130640,8.9,2011-05-09T13:06:40Z,-74.008557,40.72074,-73.981338,40.728984,1
20120722_163614,4.5,2012-07-22T16:36:14Z,-73.926383,40.808057,-73.93513,40.814371,1
20120908_051900,20.0,2012-09-08T05:19:00Z,-73.996222,40.738397,-73.945933,40.792682,2
20150301_020836,7.0,2015-03-01T02:08:36Z,-73.9864273071289,40.72238540649415,-73.99151611328125,40.73523330688477,1
20090318_194700,4.5,2009-03-18T19:47:00Z,-73.995892,40.74389,-74.004377,40.73493300000001,5
20120910_143900,16.5,2012-09-10T14:39:00Z,-73.988522,40.737147,-73.986408,40.776832,1
20111101_095240,12.9,2011-11-01T09:52:40Z,-73.98138399999998,40.780106,-73.97135300000002,40.758763,1
20120420_153633,34.1,2012-04-20T15:36:33Z,-73.873254,40.773999,-73.983536,40.762902,1
20140811_193700,57.33,2014-08-11T19:37:00Z,-73.776477,40.64629,-73.776477,40.64629,2
20100615_010600,8.9,2010-06-15T01:06:00Z,-73.788498,40.65458,-73.752772,40.6617,1
20140207_224337,13.0,2014-02-07T22:43:37Z,-73.98571700000002,40.767798,-73.959253,40.80919,1
20120329_183900,9.7,2012-03-29T18:39:00Z,-73.98011,40.75182,-73.950907,40.775948,1
20130116_195500,11.0,2013-01-16T19:55:00Z,-73.987055,40.744762,-74.007825,40.716325,3
20141223_205000,5.5,2014-12-23T20:50:00Z,-73.96770500000002,40.75989000000001,-73.95623,40.768088,1
20110505_203000,4.9,2011-05-05T20:30:00Z,-73.975245,40.763207,-73.96342800000002,40.77076,1
20090810_181200,9.3,2009-08-10T18:12:00Z,-73.966555,40.769955,-73.97153,40.74431,3
20100416_203521,8.5,2010-04-16T20:35:21Z,-73.944602,40.815676,-73.917888,40.806313,1
20130131_221400,4.5,2013-01-31T22:14:00Z,-73.985247,40.727532,-73.97957199999998,40.735312,1
20111010_073200,11.3,2011-10-10T07:32:00Z,-73.974097,40.759455,-74.009692,40.722595,1
20120313_212400,13.7,2012-03-13T21:24:00Z,-73.977078,40.750085,-74.01442,40.716932,1
20120106_065146,6.9,2012-01-06T06:51:46Z,-73.990062,40.75663400000001,-73.971327,40.758445,1
20120731_072031,8.1,2012-07-31T07:20:31Z,-73.91848900000002,40.754256,-73.969701,40.748919,1
20130102_210000,11.0,2013-01-02T21:00:00Z,-73.97426999999998,40.756035,-73.96899,40.785887,1
20110706_085649,6.9,2011-07-06T08:56:49Z,-73.967169,40.756601,-73.980451,40.756584,2
20130827_185500,4.5,2013-08-27T18:55:00Z,-73.958917,40.77215,-73.956942,40.780182,2
20100420_193100,6.1,2010-04-20T19:31:00Z,-73.983305,40.748403,-73.99111500000002,40.765688,1
20110122_232400,7.7,2011-01-22T23:24:00Z,-73.96902299999998,40.785718,-73.992152,40.769105,5
20110815_203640,12.9,2011-08-15T20:36:40Z,-73.95235100000002,40.789832,-73.97233299999998,40.745006,1
20120705_122300,8.1,2012-07-05T12:23:00Z,-73.993822,40.732997,-73.9847,40.742632,1
20091016_225439,35.07,2009-10-16T22:54:39Z,-73.994618,40.739409,-73.93643900000002,40.629948,1
20100830_195800,12.1,2010-08-30T19:58:00Z,-73.99786800000003,40.713628,-73.98944499999998,40.756853,4
20110804_183950,9.3,2011-08-04T18:39:50Z,-73.981206,40.757788,-73.99431700000002,40.754246,1
20140109_215500,21.5,2014-01-09T21:55:00Z,-74.00156199999998,40.741032,-73.95868,40.719377,1
20110918_144156,6.9,2011-09-18T14:41:56Z,-73.992014,40.764244,-73.981024,40.781859,2
20140130_213800,10.0,2014-01-30T21:38:00Z,-73.98205300000002,40.77331,-73.955055,40.781017,1
20140903_152900,8.5,2014-09-03T15:29:00Z,-73.999112,40.72521,-74.007372,40.740927,1
20150222_124609,26.5,2015-02-22T12:46:09Z,-74.01361846923827,40.71653366088867,-73.94696807861328,40.77207565307617,1
20100808_164700,4.5,2010-08-08T16:47:00Z,-73.97586700000002,40.760282,-73.980965,40.753368,5
20110910_235143,6.9,2011-09-10T23:51:43Z,-73.983855,40.744069,-74.005639,40.74008900000001,3
20100312_133000,6.5,2010-03-12T13:30:00Z,-73.973112,40.761903,-73.952725,40.766447,1
20101026_152500,4.9,2010-10-26T15:25:00Z,-73.947062,40.784043,-73.951198,40.772092,1
20110424_210614,13.3,2011-04-24T21:06:14Z,-74.002185,40.719517,-73.974876,40.756321,4
20110620_145222,18.5,2011-06-20T14:52:22Z,-73.99789200000002,40.724297,-73.97757800000002,40.786941,1
20121118_155800,8.0,2012-11-18T15:58:00Z,-73.972767,40.793497,-73.95949499999998,40.780095,1
20131015_074817,5.5,2013-10-15T07:48:17Z,-73.989863,40.734053,-73.979853,40.744464,1
20120419_191135,28.1,2012-04-19T19:11:35Z,-73.863763,40.769938,-74.00032,40.71624,1
20120430_145633,6.5,2012-04-30T14:56:33Z,-73.976558,40.759555,-73.983238,40.766241,1
20091015_193000,12.9,2009-10-15T19:30:00Z,-73.98362,40.767035,-73.985725,40.72776,1
20101020_181941,4.1,2010-10-20T18:19:41Z,-73.96954000000002,40.760876,-73.975164,40.752973,1
20110207_083921,10.5,2011-02-07T08:39:21Z,-73.964999,40.806719,-73.958495,40.784222,1
20110614_235100,12.1,2011-06-14T23:51:00Z,-73.98340300000002,40.726223,-73.999103,40.761795,1
20110622_234519,13.7,2011-06-22T23:45:19Z,-73.981527,40.724907,-73.949038,40.72631,1
20120606_150532,16.1,2012-06-06T15:05:32Z,-73.954942,40.789074,-73.984561,40.748882,1
20140825_203722,3.0,2014-08-25T20:37:22Z,-74.00747199999998,40.74088,-74.00895899999998,40.73823400000001,1
20101215_221827,8.5,2010-12-15T22:18:27Z,-73.985287,40.773551,-73.96431899999997,40.809258,1
20150401_222931,13.5,2015-04-01T22:29:31Z,-73.96198272705078,40.7636833190918,-73.99638366699219,40.73807907104492,1
20111017_185823,4.9,2011-10-17T18:58:23Z,-73.992414,40.74972,-73.995103,40.750485,1
20120315_203131,4.9,2012-03-15T20:31:31Z,-73.97164000000002,40.766172,-73.96069200000002,40.76807,1
20141124_024600,27.0,2014-11-24T02:46:00Z,-74.008827,40.710565,-73.92766,40.759892,1
20140312_131314,6.0,2014-03-12T13:13:14Z,-73.977032,40.750545,-73.990488,40.737205,1
20150110_211825,5.5,2015-01-10T21:18:25Z,-73.9844970703125,40.728797912597656,-73.98408508300781,40.72538375854492,1
20110925_140900,24.9,2011-09-25T14:09:00Z,-73.99467299999998,40.750317,-73.94584300000002,40.835722,2
20150322_142312,22.5,2015-03-22T14:23:12Z,-73.96234130859375,40.77907180786133,-74.00598907470702,40.70943832397461,4
20130115_160257,15.0,2013-01-15T16:02:57Z,-73.983491,40.734315,-73.956837,40.7042,1
20131120_165800,13.0,2013-11-20T16:58:00Z,-73.988382,40.764137,-73.99152,40.7502,1
20090216_074014,14.5,2009-02-16T07:40:14Z,-73.948872,40.807601,-73.937218,40.767366,1
20090227_173900,8.1,2009-02-27T17:39:00Z,-73.99287700000002,40.742668,-73.983468,40.74748,1
20091105_005713,15.7,2009-11-05T00:57:13Z,-74.00412800000002,40.733121,-73.96611700000003,40.677112,1
20101211_015500,10.5,2010-12-11T01:55:00Z,-73.997677,40.722583,-73.992827,40.679183,2
20120212_151800,45.0,2012-02-12T15:18:00Z,-73.969852,40.750962,-73.781802,40.648527,1
20131208_233900,3.0,2013-12-08T23:39:00Z,0.0,0.0,0.0,0.0,5
20091229_094401,4.1,2009-12-29T09:44:01Z,-73.973141,40.785315,-73.980153,40.775721,1
20100427_202000,23.7,2010-04-27T20:20:00Z,-74.00532199999998,40.650103,-73.859852,40.711942,1
20100427_202000,9.3,2010-04-27T20:20:00Z,-73.97785,40.729675,-74.005877,40.725813,1
20120923_025700,24.5,2012-09-23T02:57:00Z,-73.995145,40.749812,-73.940478,40.718662,3
20091120_090900,7.3,2009-11-20T09:09:00Z,-73.958437,40.77291,-73.974257,40.755255,1
20091216_220000,10.1,2009-12-16T22:00:00Z,-73.969813,40.763205,-73.99266800000002,40.721372,2
20100323_145216,3.7,2010-03-23T14:52:16Z,-73.995863,40.744098,-73.990998,40.74107100000001,1
20100508_161704,9.7,2010-05-08T16:17:04Z,-73.990431,40.757773,-73.972639,40.763474,1
20101022_022453,6.1,2010-10-22T02:24:53Z,-73.984433,40.771084,-73.984433,40.771084,1
20110507_151232,49.8,2011-05-07T15:12:32Z,-73.782235,40.644691,-73.973344,40.738062,2
20111014_122000,4.9,2011-10-14T12:20:00Z,-73.952797,40.780497,-73.955042,40.788527,5
20111108_071400,7.7,2011-11-08T07:14:00Z,-73.98729,40.739077,-74.008045,40.712155,1
20130719_185500,31.83,2013-07-19T18:55:00Z,-73.865875,40.77044,-73.979228,40.749225,1
20140517_131255,5.0,2014-05-17T13:12:55Z,-73.981422,40.762434000000006,-73.983398,40.766286,2
20101124_124652,4.5,2010-11-24T12:46:52Z,-73.962681,40.775646,-73.95743399999998,40.777766,1
20110330_122232,6.9,2011-03-30T12:22:32Z,-73.96669200000002,40.789004,-73.959358,40.809018,1
20140216_090534,12.5,2014-02-16T09:05:34Z,-73.996905,40.756151,-73.954566,40.779943,1
20141204_152300,13.5,2014-12-04T15:23:00Z,-73.982325,40.772905,-73.96529699999998,40.75908,6
20130401_124400,9.5,2013-04-01T12:44:00Z,-73.956678,40.775412,-73.97728199999997,40.75757700000001,1
20120223_062100,6.1,2012-02-23T06:21:00Z,-73.989675,40.756102,-73.970548,40.763163,1
20131010_055300,4.5,2013-10-10T05:53:00Z,-73.968897,40.798707,-73.96673299999998,40.793995,1
20091126_035200,6.5,2009-11-26T03:52:00Z,-73.984258,40.76014,-73.99738,40.749263,1
20100401_100700,7.3,2010-04-01T10:07:00Z,-73.963465,40.774312,-73.9834,40.766893,1
20100522_192600,7.7,2010-05-22T19:26:00Z,-73.96971500000002,40.75779,-73.99134000000002,40.750123,1
20100926_015500,7.7,2010-09-26T01:55:00Z,-73.9957,40.76442700000001,-73.992148,40.744787,2
20100929_005700,8.9,2010-09-29T00:57:00Z,-73.991738,40.74440300000001,-73.959888,40.769403,2
20120320_173400,10.5,2012-03-20T17:34:00Z,-73.978193,40.751915,-74.004858,40.751853,1
20121223_034548,6.0,2012-12-23T03:45:48Z,-73.956829,40.72098,-73.957186,40.732846,1
20130612_170453,5.0,2013-06-12T17:04:53Z,-73.974776,40.771861,-73.980998,40.770901,1
20130627_105200,8.0,2013-06-27T10:52:00Z,-73.962843,40.76655,-73.947115,40.771767,1
20110825_073523,13.3,2011-08-25T07:35:23Z,-73.94780899999998,40.782872,-73.988676,40.741282,1
20111208_001347,2.9,2011-12-08T00:13:47Z,-73.97988199999998,40.758655,-73.977834,40.762103,1
20090425_130800,25.45000000000001,2009-04-25T13:08:00Z,-73.99055,40.745908,-73.885363,40.771893,1
20121128_213333,4.5,2012-11-28T21:33:33Z,-73.966639,40.764331,-73.959307,40.767477,1
20130609_231506,9.0,2013-06-09T23:15:06Z,-74.002078,40.73996,-73.97913299999998,40.749912,2
20100721_163900,4.1,2010-07-21T16:39:00Z,-73.954595,40.778175,-73.952698,40.785715,1
20120316_075200,5.3,2012-03-16T07:52:00Z,-73.960797,40.818232,-73.953255,40.810163,1
20150502_234941,5.5,2015-05-02T23:49:41Z,-73.98070526123048,40.77486038208008,-73.9918441772461,40.76394653320313,1
20121128_083000,18.0,2012-11-28T08:30:00Z,-74.006052,40.748617,-73.96289200000002,40.8042,1
20130930_131100,4.5,2013-09-30T13:11:00Z,-73.947355,40.76456500000001,-73.952475,40.758697,1
20141022_081200,6.0,2014-10-22T08:12:00Z,-73.99686,40.72311,-74.00537,40.73235,1
20100909_142200,8.1,2010-09-09T14:22:00Z,-73.96226,40.759743,-73.953148,40.770363,2
20130214_193544,9.5,2013-02-14T19:35:44Z,-74.005739,40.74025200000001,-74.011023,40.716267,1
20140719_044200,5.5,2014-07-19T04:42:00Z,-73.990532,40.719085,-73.990532,40.719085,1
20141015_094335,23.0,2014-10-15T09:43:35Z,-73.95846999999998,40.765569,-73.99054699999998,40.693534,1
20090124_225301,6.6,2009-01-24T22:53:01Z,-73.99402099999998,40.75129,-73.97253,40.749632,1
20090315_021539,53.0,2009-03-15T02:15:39Z,-73.993309,40.719976,-74.040465,40.725234,1
20090629_114500,15.3,2009-06-29T11:45:00Z,-73.9757,40.751598,-74.0163,40.704697,1
20101125_004100,6.1,2010-11-25T00:41:00Z,-73.992275,40.734648,-74.003982,40.747582,5
20110808_095900,7.3,2011-08-08T09:59:00Z,-73.96252,40.776573,-73.975502,40.757275,1
20131223_135200,30.83,2013-12-23T13:52:00Z,-73.952607,40.776032,-73.86111700000002,40.767782,1
20120705_002921,6.5,2012-07-05T00:29:21Z,-73.988026,40.765026,-73.975303,40.787134,2
20140118_152300,4.5,2014-01-18T15:23:00Z,-73.96421,40.77061,-73.96993,40.762597,1
20150111_110926,5.5,2015-01-11T11:09:26Z,-73.98262023925781,40.74237060546875,-73.99588012695312,40.73276138305664,6
20090103_132700,3.7,2009-01-03T13:27:00Z,-73.963823,40.774163,-73.95764799999998,40.782628,1
20101204_235600,4.1,2010-12-04T23:56:00Z,-73.9784,40.783223,-73.98173,40.778902,1
20120307_092944,3.3,2012-03-07T09:29:44Z,-73.965352,40.769132,-73.96795300000002,40.76573,1
20121013_023122,31.5,2012-10-13T02:31:22Z,-74.007458,40.726242,-73.870459,40.762649,1
20130418_204824,7.0,2013-04-18T20:48:24Z,-73.995001,40.760205,-73.986058,40.77883900000001,1
20111111_040620,9.7,2011-11-11T04:06:20Z,-74.002499,40.733322,-73.966174,40.76540900000001,1
20120526_011511,12.1,2012-05-26T01:15:11Z,-73.987243,40.72241,-73.97162,40.76199,1
20130606_163259,10.5,2013-06-06T16:32:59Z,-73.952881,40.783467,-73.957899,40.770332,2
20101109_144100,4.5,2010-11-09T14:41:00Z,-74.00060699999997,40.732278,-73.991617,40.73513,1
20110303_141500,8.1,2011-03-03T14:15:00Z,-73.95199000000002,40.77783,-73.960187,40.765442,1
20111124_042308,4.9,2011-11-24T04:23:08Z,-73.99244499999998,40.721134,-73.981646,40.714442,4
20130530_105432,8.5,2013-05-30T10:54:32Z,-73.98932099999998,40.757413,-73.968748,40.761164,1
20140127_160400,7.0,2014-01-27T16:04:00Z,-73.9555,40.781842,-73.970527,40.783687,1
20140701_131600,5.5,2014-07-01T13:16:00Z,-73.974778,40.7831,-73.98570500000002,40.778307,1
20090408_073700,4.9,2009-04-08T07:37:00Z,-74.001212,40.74134,-73.986977,40.740538,1
20090609_170235,6.1,2009-06-09T17:02:35Z,-73.987769,40.750038,-73.980449,40.761698,3
20100503_203032,7.3,2010-05-03T20:30:32Z,-73.976538,40.755762,-73.959461,40.763329,1
20110525_224133,12.1,2011-05-25T22:41:33Z,-73.983548,40.726099,-73.984399,40.691472,3
20110925_020700,8.5,2011-09-25T02:07:00Z,0.0,0.0,0.0,0.0,1
20090513_074300,6.9,2009-05-13T07:43:00Z,-73.981818,40.783335,-73.96748000000002,40.803038,1
20090624_194201,13.7,2009-06-24T19:42:01Z,-74.001837,40.732437,-73.957734,40.769518,1
20110606_131600,3.3,2011-06-06T13:16:00Z,-73.972987,40.7904,-73.96814,40.797218,1
20130813_220500,5.5,2013-08-13T22:05:00Z,-73.984833,40.724207,-73.986985,40.733497,1
20140416_191455,11.5,2014-04-16T19:14:55Z,-73.982912,40.76426,-73.99040699999998,40.75069000000001,1
20150523_212914,4.5,2015-05-23T21:29:14Z,-73.98357391357422,40.76544189453125,-73.9754638671875,40.76521682739258,1
20100527_013200,16.1,2010-05-27T01:32:00Z,-73.98149699999998,40.776205,-74.01464,40.708183,1
20110601_223935,11.7,2011-06-01T22:39:35Z,-73.992091,40.748239,-73.952414,40.772895,1
20110719_234312,8.5,2011-07-19T23:43:12Z,0.0,0.0,0.0,0.0,1
20140922_170800,9.0,2014-09-22T17:08:00Z,-73.99801,40.75608,-73.98273,40.77334000000001,1
20091127_143933,6.5,2009-11-27T14:39:33Z,-73.964714,40.769757,-73.982117,40.774973,1
20130323_123700,5.0,2013-03-23T12:37:00Z,-74.000407,40.714337,-74.00050300000002,40.718452,1
20090117_195114,6.1,2009-01-17T19:51:14Z,-73.955641,40.772606,-73.971135,40.755318,1
20130817_223459,12.0,2013-08-17T22:34:59Z,-73.991512,40.726929,-73.977929,40.763074,1
20140926_194141,12.0,2014-09-26T19:41:41Z,0.0,0.0,0.0,0.0,1
20141102_212145,8.5,2014-11-02T21:21:45Z,-73.980556,40.74828400000001,-73.999545,40.728622,1
20150117_210044,9.0,2015-01-17T21:00:44Z,-73.9662857055664,40.76172637939453,-73.96056365966798,40.7702751159668,1
20100402_030800,13.3,2010-04-02T03:08:00Z,-73.992338,40.724155,-73.931653,40.699268,1
20100416_210702,9.7,2010-04-16T21:07:02Z,-73.99171,40.758915,-73.988093,40.733613,1
20120304_224344,5.3,2012-03-04T22:43:44Z,-73.99716,40.742155,-74.005573,40.726273,1
20120710_093700,10.5,2012-07-10T09:37:00Z,-73.983825,40.738307,-73.957293,40.766155,1
20090621_185600,8.9,2009-06-21T18:56:00Z,-74.004737,40.751987,-73.974168,40.74322700000001,5
20100310_075547,13.7,2010-03-10T07:55:47Z,-73.99239200000002,40.71515,-73.971869,40.688143,1
20100913_084821,8.1,2010-09-13T08:48:21Z,-73.97515200000002,40.756832,-73.965323,40.765873,1
20110622_214445,10.9,2011-06-22T21:44:45Z,-74.014483,40.71451,-73.982215,40.740178,1
20100123_123900,6.1,2010-01-23T12:39:00Z,-73.986405,40.745185,-73.989025,40.752668,1
20110316_170500,4.9,2011-03-16T17:05:00Z,-73.964922,40.764382,-73.954068,40.778877,1
20111007_122400,5.7,2011-10-07T12:24:00Z,-73.971523,40.75743,-73.98203000000002,40.744883,2
20121005_133441,6.0,2012-10-05T13:34:41Z,-73.95686500000002,40.774874,-73.955842,40.784669,1
20150616_210818,6.5,2015-06-16T21:08:18Z,-73.9776840209961,40.7633056640625,-73.97769165039062,40.75357437133789,1
20101018_111527,5.7,2010-10-18T11:15:27Z,-73.993252,40.752388,-73.987604,40.765374,1
20141218_080614,6.0,2014-12-18T08:06:14Z,-73.988374,40.759217,-73.991075,40.770689,1
20090119_103800,3.7,2009-01-19T10:38:00Z,-73.98708,40.741545,-73.990558,40.736778,1
20090515_125800,4.9,2009-05-15T12:58:00Z,-73.96536800000001,40.763128,-73.956642,40.774873,1
20140620_010207,7.0,2014-06-20T01:02:07Z,-73.995163,40.744714,-73.999739,40.728509,1
20090208_104600,10.9,2009-02-08T10:46:00Z,-73.998053,40.722607,-73.96563,40.76218,1
20100505_195100,6.5,2010-05-05T19:51:00Z,-73.951573,40.773733,-73.959827,40.761932,1
20111113_125900,13.3,2011-11-13T12:59:00Z,-73.95570699999998,40.778757,-73.990922,40.74053,1
20090114_082159,4.1,2009-01-14T08:21:59Z,-73.986869,40.758182,-73.97784399999998,40.764209,1
20100222_074200,6.9,2010-02-22T07:42:00Z,-73.996573,40.748843,-73.99517800000002,40.750753,1
20140408_141100,15.0,2014-04-08T14:11:00Z,-73.966193,40.758177,-73.991642,40.74908,1
20140614_204812,22.5,2014-06-14T20:48:12Z,-73.991447,40.75005,-73.934919,40.769477,2
20090625_162100,12.1,2009-06-25T16:21:00Z,-74.007773,40.725133,-73.971308,40.76391,1
20131006_042409,20.0,2013-10-06T04:24:09Z,-73.960074,40.762443,-73.991058,40.751086,1
20131212_093000,15.0,2013-12-12T09:30:00Z,-73.989695,40.735492,-73.97828,40.754775,1
20150102_232427,8.5,2015-01-02T23:24:27Z,-73.97823333740234,40.76188659667969,-73.99219512939453,40.748680114746094,3
20140531_145300,5.5,2014-05-31T14:53:00Z,-73.991192,40.739212,-74.00175,40.72844,1
20110209_140200,4.9,2011-02-09T14:02:00Z,-73.987447,40.741957,-73.97799300000001,40.754168,2
20120517_202900,4.9,2012-05-17T20:29:00Z,-73.986092,40.751682,-73.977242,40.760292,1
20120828_233017,2.5,2012-08-28T23:30:17Z,-73.959008,40.712517,-73.959132,40.712184,1
20120114_143209,10.5,2012-01-14T14:32:09Z,-73.952301,40.784013,-73.973045,40.748868,1
20110703_135500,5.7,2011-07-03T13:55:00Z,-73.989708,40.73873,-73.997613,40.724167,2
20121116_124229,11.0,2012-11-16T12:42:29Z,-73.950396,40.783667,-73.961248,40.760961,1
20130226_092404,10.0,2013-02-26T09:24:04Z,-73.94951999999998,40.780422,-73.972101,40.76229,1
20141019_095153,57.33,2014-10-19T09:51:53Z,-73.776721,40.645324,-73.983183,40.748877,2
20111103_230700,49.8,2011-11-03T23:07:00Z,-73.78555,40.64205,-73.980793,40.749187,1
20140927_114649,8.5,2014-09-27T11:46:49Z,-73.992148,40.754051,-73.975903,40.748717,1
20150309_200518,13.5,2015-03-09T20:05:18Z,-73.96829223632812,40.76164245605469,-73.99909973144531,40.7393684387207,1
20150328_104838,5.0,2015-03-28T10:48:38Z,-73.9994125366211,40.74410629272461,-73.98988342285155,40.74726867675781,1
20090128_223400,6.5,2009-01-28T22:34:00Z,-73.994023,40.75171,-73.976773,40.755773,1
20090321_100909,12.9,2009-03-21T10:09:09Z,-73.972626,40.785846,-73.994321,40.736666,1
20101021_145118,6.1,2010-10-21T14:51:18Z,-73.997519,40.73614,-74.007986,40.736214,1
20130205_233800,3.5,2013-02-05T23:38:00Z,-74.01589,40.711205,-74.01313499999998,40.715037,2
20150105_125517,9.0,2015-01-05T12:55:17Z,-73.98844909667969,40.7259407043457,-73.98915100097656,40.72842025756836,1
20090319_161536,6.7,2009-03-19T16:15:36Z,-74.000548,40.737311,-73.993162,40.734975,1
20091113_185000,5.3,2009-11-13T18:50:00Z,-73.951788,40.782128,-73.961878,40.776735,1
20130625_185100,5.5,2013-06-25T18:51:00Z,-73.963975,40.773902,-73.95411,40.784472,1
20100111_180800,7.7,2010-01-11T18:08:00Z,-73.985653,40.747188,-73.98329,40.730267,1
20100711_133200,12.9,2010-07-11T13:32:00Z,-73.97274,40.753488,-74.006575,40.741452,1
20111116_143322,4.5,2011-11-16T14:33:22Z,-73.958326,40.768777,-73.95916,40.763442,2
20130525_202546,9.5,2013-05-25T20:25:46Z,-73.98600400000002,40.749766,-74.003312,40.724212,1
20130617_164254,6.0,2013-06-17T16:42:54Z,-73.98626,40.75845,-73.982653,40.771674,3
20091120_003100,6.1,2009-11-20T00:31:00Z,-73.988137,40.73474,-73.983568,40.74645,1
20120620_154600,12.1,2012-06-20T15:46:00Z,-73.985428,40.74410200000001,-73.958588,40.770407,2
20121216_020905,10.5,2012-12-16T02:09:05Z,-73.91405999999998,40.765092,-73.95065699999998,40.745017,1
20140419_154638,8.0,2014-04-19T15:46:38Z,-73.99476700000002,40.731799,-73.98651600000002,40.742846,1
20140526_213500,8.5,2014-05-26T21:35:00Z,-73.977425,40.752052,-73.9815,40.775147,2
20150407_183737,12.5,2015-04-07T18:37:37Z,-73.97177124023438,40.75571823120117,-73.97831726074219,40.76189422607422,1
20110527_095130,4.5,2011-05-27T09:51:30Z,-74.00599100000002,40.735314,-73.998334,40.745446,1
20120106_183500,13.3,2012-01-06T18:35:00Z,-74.006893,40.712272,-73.989375,40.734032,5
20120524_054400,6.9,2012-05-24T05:44:00Z,-73.999842,40.761572,-73.982845,40.75565200000001,1
20140430_090407,3.5,2014-04-30T09:04:07Z,-74.005821,40.745254,-74.000546,40.752709,1
20140926_180932,9.5,2014-09-26T18:09:32Z,-73.959509,40.814332,-73.939583,40.805312,1
20090202_084343,22.1,2009-02-02T08:43:43Z,-73.996359,40.686204,-73.972373,40.762092,1
20101005_220900,5.3,2010-10-05T22:09:00Z,-74.00672,40.743813,-73.994987,40.760258,1
20110222_140900,2.5,2011-02-22T14:09:00Z,0.0,0.0,0.0,0.0,5
20110906_204329,6.5,2011-09-06T20:43:29Z,-73.98736600000002,40.739465,-74.002286,40.74703,1
20130531_050230,12.5,2013-05-31T05:02:30Z,0.0,0.0,0.0,0.0,1
20141123_084200,10.0,2014-11-23T08:42:00Z,-73.926197,40.7624,-73.966622,40.762552,1
20150622_175138,24.5,2015-06-22T17:51:38Z,-73.99882507324219,40.74963760375977,-74.0107421875,40.7095947265625,4
20090206_233100,7.7,2009-02-06T23:31:00Z,-73.98893299999997,40.757277,-73.975883,40.742218,5
20090630_102009,14.1,2009-06-30T10:20:09Z,0.0,0.0,0.0,0.0,1
20100712_105000,5.7,2010-07-12T10:50:00Z,-73.992488,40.730615,-74.001482,40.717792,1
20150608_015917,28.0,2015-06-08T01:59:17Z,0.0,0.0,0.0,0.0,1
20090127_151800,6.5,2009-01-27T15:18:00Z,-73.973787,40.747695,-73.986315,40.746973,5
20090301_164525,7.3,2009-03-01T16:45:25Z,-73.993656,40.75711,-73.980168,40.741778,1
20111026_230042,7.7,2011-10-26T23:00:42Z,-73.981439,40.760569,-73.957854,40.77930900000001,1
20131212_190208,10.0,2013-12-12T19:02:08Z,-74.002595,40.737675,-73.987135,40.729482,1
20101121_014100,10.1,2010-11-21T01:41:00Z,-74.0045,40.742143,-73.99433,40.720412,1
20110311_181300,6.5,2011-03-11T18:13:00Z,-73.962018,40.77940200000001,-73.981495,40.77356500000001,2
20140818_062211,6.0,2014-08-18T06:22:11Z,-73.977999,40.778626,-73.979161,40.764625,1
20150108_114411,16.5,2015-01-08T11:44:11Z,-73.97943878173827,40.75250244140625,-73.95565795898438,40.764102935791016,1
20150526_175452,8.5,2015-05-26T17:54:52Z,-73.99092102050781,40.74221420288085,-73.98013305664062,40.760738372802734,1
20111224_114500,17.3,2011-12-24T11:45:00Z,-73.987938,40.76025,-74.014335,40.70369,2
20121010_074923,10.5,2012-10-10T07:49:23Z,-73.98858100000002,40.764449,-73.98576,40.739091,1
20150409_225702,15.0,2015-04-09T22:57:02Z,-73.96577453613281,40.76523208618164,-73.99700927734375,40.75635147094727,1
20130607_222000,23.5,2013-06-07T22:20:00Z,-73.990597,40.75622,-73.96239,40.719847,1
20111024_225400,10.1,2011-10-24T22:54:00Z,-73.990602,40.7611,-73.960025,40.77958,2
20111121_184900,17.7,2011-11-21T18:49:00Z,-73.989503,40.753248,-73.97410699999998,40.795577,2
20141016_172700,9.0,2014-10-16T17:27:00Z,-73.96303499999998,40.772385,-73.98132,40.77116,3
20090612_103400,6.9,2009-06-12T10:34:00Z,-73.979668,40.739275,-73.975107,40.756322,1
20120617_014100,7.3,2012-06-17T01:41:00Z,-73.99573199999998,40.724963,-73.979377,40.75140800000001,2
20121227_232200,21.5,2012-12-27T23:22:00Z,-73.98495,40.759487,-73.970597,40.694542,6
20100202_124032,9.7,2010-02-02T12:40:32Z,-73.995494,40.752919,-73.977412,40.743828,1
20120528_193100,5.7,2012-05-28T19:31:00Z,-73.984202,40.744187,-73.97462,40.761423,1
20150514_224243,13.0,2015-05-14T22:42:43Z,-73.9809036254883,40.75609588623047,-73.95862579345702,40.76633834838867,1
20130227_160815,10.5,2013-02-27T16:08:15Z,-73.968574,40.750493,-73.975654,40.755957,1
20150331_070918,9.0,2015-03-31T07:09:18Z,-73.94857788085938,40.783203125,-73.95526885986328,40.76516342163085,1
20111005_205000,7.3,2011-10-05T20:50:00Z,-73.961407,40.765273,-73.95439300000002,40.78403,2
20140514_073200,8.5,2014-05-14T07:32:00Z,-73.986492,40.734067,-73.988017,40.752412,1
20150206_144435,23.0,2015-02-06T14:44:35Z,-73.7870101928711,40.64413833618164,-73.81063842773438,40.69221878051758,2
20090324_113700,13.7,2009-03-24T11:37:00Z,-73.9881,40.754748,-73.99727,40.72563,1
20110730_073313,16.9,2011-07-30T07:33:13Z,-73.884801,40.755707,-73.98047199999998,40.765556,1
20110924_232000,13.7,2011-09-24T23:20:00Z,-73.953603,40.779203,-73.995763,40.726701,3
20111222_110700,29.3,2011-12-22T11:07:00Z,-73.94238,40.837712,-73.864372,40.769985,2
20141103_124000,6.5,2014-11-03T12:40:00Z,-73.961151,40.77457800000001,-73.972251,40.78564,1
20120518_184130,10.9,2012-05-18T18:41:30Z,-73.988455,40.758432,-73.983816,40.730147,1
